language,noise,rate,conservativerate,numberofsentences,threshold,SP,HIP,HCP,OPT,NS,NT,WHM,PI,TM,VtoI,ItoC,AH,QInv,timestamp,duration
611,0.0,0.9,0.0005,500000,0.001,0.0,0.0,0.0,1.790934603391812e-07,4.669062892272951e-05,4.65059417078708e-09,0.999999999999889,1.0,0.0,0.0,0.0,0.9958916850545858,1.0,2020-10-15 12:31:19.618614,0:00:08.500237
611,0.0,0.9,0.0005,500000,0.001,0.0,0.0,0.0,1.7945209544163613e-07,4.5219819552445014e-05,4.7731262677761665e-09,0.999999999999889,1.0,0.0,0.0,0.0,0.9997923289288635,1.0,2020-10-15 12:31:19.645604,0:00:08.525822
611,0.0,0.9,0.0005,500000,0.001,0.0,0.0,0.0,2.1657898554597965e-07,5.2566188766899685e-05,4.797057661075799e-09,0.999999999999889,1.0,0.0,0.0,0.0,0.9919602505868073,1.0,2020-10-15 12:31:19.688759,0:00:08.559345
611,0.0,0.9,0.0005,500000,0.001,0.0,0.0,0.0,1.7198334934688186e-07,4.4971731385698655e-05,5.142401166899341e-09,0.999999999999889,1.0,0.0,0.0,0.0,0.999482245624182,1.0,2020-10-15 12:31:19.709042,0:00:08.590100
611,0.0,0.9,0.0005,500000,0.001,0.0,0.0,0.0,1.8941148145351028e-07,4.671398591568735e-05,4.4771446437906735e-09,0.999999999999889,1.0,0.0,0.0,0.0,0.9979377276956389,1.0,2020-10-15 12:31:19.772790,0:00:08.652300
611,0.0,0.9,0.0005,500000,0.001,0.0,0.0,0.0,1.8180079335657217e-07,4.6784127023976066e-05,4.085575518966699e-09,0.999999999999889,1.0,0.0,0.0,0.0,0.9885169622416641,1.0,2020-10-15 12:31:19.799682,0:00:08.680844
611,0.0,0.9,0.0005,500000,0.001,0.0,0.0,0.0,1.9440202355716157e-07,4.8596595762171225e-05,4.547098618140467e-09,0.999999999999889,1.0,0.0,0.0,0.0,0.9933649624699792,1.0,2020-10-15 12:31:19.813982,0:00:08.697379
611,0.0,0.9,0.0005,500000,0.001,0.0,0.0,0.0,1.8575283063347185e-07,4.950422942973244e-05,4.643621766895203e-09,0.999999999999889,1.0,0.0,0.0,0.0,0.9977844281622142,1.0,2020-10-15 12:31:19.823023,0:00:08.705446
611,0.0,0.9,0.0005,500000,0.001,0.0,0.0,0.0,1.734518070631143e-07,4.099749503929476e-05,4.643621766895203e-09,0.999999999999889,1.0,0.0,0.0,0.0,0.9906643269813393,1.0,2020-10-15 12:31:19.834482,0:00:08.718810
611,0.0,0.9,0.0005,500000,0.001,0.0,0.0,0.0,1.8482615341579322e-07,4.7301723390743296e-05,4.132842720576378e-09,0.999999999999889,1.0,0.0,0.0,0.0,0.9924681336116187,1.0,2020-10-15 12:31:19.840818,0:00:08.723375
611,0.0,0.9,0.0005,500000,0.001,0.0,0.0,0.0,1.8362838092929915e-07,4.631850134717602e-05,4.2100314029747915e-09,0.999999999999889,1.0,0.0,0.0,0.0,0.9982442580137808,1.0,2020-10-15 12:31:19.855562,0:00:08.735349
611,0.0,0.9,0.0005,500000,0.001,0.0,0.0,0.0,2.1388792955498633e-07,5.573385343062752e-05,4.862273460747379e-09,0.999999999999889,1.0,0.0,0.0,0.0,0.9989847873501955,1.0,2020-10-15 12:31:19.862363,0:00:08.745955
611,0.0,0.9,0.0005,500000,0.001,0.0,0.0,0.0,1.8454905278218132e-07,4.6643949966464006e-05,4.425939671131024e-09,0.999999999999889,1.0,0.0,0.0,0.0,0.9990178963168278,1.0,2020-10-15 12:31:19.871359,0:00:08.753337
611,0.0,0.9,0.0005,500000,0.001,0.0,0.0,0.0,1.955722353998675e-07,5.070700724209308e-05,5.1811238857755466e-09,0.999999999999889,1.0,0.0,0.0,0.0,0.9911770275192608,1.0,2020-10-15 12:31:19.876612,0:00:08.757027
611,0.0,0.9,0.0005,500000,0.001,0.0,0.0,0.0,2.0112705123177505e-07,5.3094620527632354e-05,5.2937526282291645e-09,0.999999999999889,1.0,0.0,0.0,0.0,0.9933169407958098,1.0,2020-10-15 12:31:19.883120,0:00:08.766291
611,0.0,0.9,0.0005,500000,0.001,0.0,0.0,0.0,1.8225597788911324e-07,4.845098809067288e-05,4.588217543835858e-09,0.999999999999889,1.0,0.0,0.0,0.0,0.9993929693694926,1.0,2020-10-15 12:31:19.903426,0:00:08.786222
611,0.0,0.9,0.0005,500000,0.001,0.0,0.0,0.0,1.9498625160080336e-07,4.627219442545418e-05,4.6227672128185984e-09,0.999999999999889,1.0,0.0,0.0,0.0,0.9979378997885268,1.0,2020-10-15 12:31:19.946140,0:00:08.827118
611,0.0,0.9,0.0005,500000,0.001,0.0,0.0,0.0,2.0254023428435744e-07,5.774845650090359e-05,5.114188562541403e-09,0.999999999999889,1.0,0.0,0.0,0.0,0.9996486511392917,1.0,2020-10-15 12:31:19.964942,0:00:08.846417
611,0.0,0.9,0.0005,500000,0.001,0.0,0.0,0.0,1.5631509080823038e-07,4.305693123968741e-05,4.4771446437906735e-09,0.999999999999889,1.0,0.0,0.0,0.0,0.9882107372633591,1.0,2020-10-15 12:31:20.010853,0:00:08.891421
611,0.0,0.9,0.0005,500000,0.001,0.0,0.0,0.0,1.9962386651067035e-07,5.0859394830956147e-05,4.384081918154854e-09,0.999999999999889,1.0,0.0,0.0,0.0,0.9979356345128737,1.0,2020-10-15 12:31:20.062028,0:00:08.946447
611,0.0,0.9,0.0005,500000,0.001,0.0,0.0,0.0,1.9674949138610522e-07,4.862090621527886e-05,4.632024315729307e-09,0.999999999999889,1.0,0.0,0.0,0.0,0.9905202911992183,1.0,2020-10-15 12:31:20.092504,0:00:08.977021
611,0.0,0.9,0.0005,500000,0.001,0.0,0.0,0.0,1.718973576722084e-07,4.606438551479562e-05,3.945019319062777e-09,0.999999999999889,1.0,0.0,0.0,0.0,0.9954981716325924,1.0,2020-10-15 12:31:20.094906,0:00:08.979843
611,0.0,0.9,0.0005,500000,0.001,0.0,0.0,0.0,1.9655279108209195e-07,4.742015528783504e-05,4.452581816739845e-09,0.999999999999889,1.0,0.0,0.0,0.0,0.9895968232245568,1.0,2020-10-15 12:31:20.099207,0:00:08.981569
611,0.0,0.9,0.0005,500000,0.001,0.0,0.0,0.0,1.9606190024073484e-07,5.387029651753039e-05,4.7421938525716865e-09,0.999999999999889,1.0,0.0,0.0,0.0,0.9908246461565998,1.0,2020-10-15 12:31:20.218339,0:00:09.102269
611,0.0,0.9,0.0005,500000,0.001,0.0,0.0,0.0,1.8289515151965285e-07,4.622593379907733e-05,4.055040716912882e-09,0.999999999999889,1.0,0.0,0.0,0.0,0.9994859225011286,1.0,2020-10-15 12:31:20.233229,0:00:09.118468
611,0.0,0.9,0.0005,500000,0.001,0.0,0.0,0.0,2.12395570279966e-07,5.298851090196389e-05,4.657577043752122e-09,0.999999999999889,1.0,0.0,0.0,0.0,0.9973770245505661,1.0,2020-10-15 12:31:20.234881,0:00:09.120957
611,0.0,0.9,0.0005,500000,0.001,0.0,0.0,0.0,1.7945209544163613e-07,4.896253226828281e-05,4.3080090443479915e-09,0.999999999999889,1.0,0.0,0.0,0.0,0.9994747133722082,1.0,2020-10-15 12:31:20.273746,0:00:09.158926
611,0.0,0.9,0.0005,500000,0.001,0.0,0.0,0.0,1.6925283544842692e-07,4.331611440005425e-05,4.678588634397558e-09,0.999999999999889,1.0,0.0,0.0,0.0,0.9987157529593379,1.0,2020-10-15 12:31:20.294482,0:00:09.181110
611,0.0,0.9,0.0005,500000,0.001,0.0,0.0,0.0,2.0580776550913439e-07,5.121674922162377e-05,4.821109041057772e-09,0.999999999999889,1.0,0.0,0.0,0.0,0.9989198723135759,1.0,2020-10-15 12:31:20.312790,0:00:09.183498
611,0.0,0.9,0.0005,500000,0.001,0.0,0.0,0.0,1.589958393806459e-07,4.3839170606817815e-05,3.777048833261986e-09,0.999999999999889,1.0,0.0,0.0,0.0,0.9973790589690128,1.0,2020-10-15 12:31:20.344467,0:00:09.231543
611,0.0,0.9,0.0005,500000,0.001,0.0,0.0,0.0,1.634300241301302e-07,4.5129447720462376e-05,4.010668668883485e-09,0.999999999999889,1.0,0.0,0.0,0.0,0.999417589139962,1.0,2020-10-15 12:31:20.375277,0:00:09.261872
611,0.0,0.9,0.0005,500000,0.001,0.0,0.0,0.0,1.8556712424104603e-07,4.416928329621685e-05,4.408266863061976e-09,0.999999999999889,1.0,0.0,0.0,0.0,0.9973469263569611,1.0,2020-10-15 12:31:20.396164,0:00:09.281772
611,0.0,0.9,0.0005,500000,0.001,0.0,0.0,0.0,1.7545852104892967e-07,4.636485461057294e-05,5.126993234551836e-09,0.999999999999889,1.0,0.0,0.0,0.0,0.9964316208453244,1.0,2020-10-15 12:31:20.397388,0:00:09.288040
611,0.0,0.9,0.0005,500000,0.001,0.0,0.0,0.0,1.9055165250052715e-07,4.796877274208277e-05,4.13077629921609e-09,0.999999999999889,1.0,0.0,0.0,0.0,0.9951198996770795,1.0,2020-10-15 12:31:20.397663,0:00:09.283561
611,0.0,0.9,0.0005,500000,0.001,0.0,0.0,0.0,2.0022378753444222e-07,5.070700724209308e-05,4.295101161482879e-09,0.999999999999889,1.0,0.0,0.0,0.0,0.9989053281596874,1.0,2020-10-15 12:31:20.402476,0:00:09.289738
611,0.0,0.9,0.0005,500000,0.001,0.0,0.0,0.0,1.431440943487741e-07,4.036677686992342e-05,4.3361093558508975e-09,0.999999999999889,1.0,0.0,0.0,0.0,0.9936520011085187,1.0,2020-10-15 12:31:20.470389,0:00:09.359346
611,0.0,0.9,0.0005,500000,0.001,0.0,0.0,0.0,1.8436454986666233e-07,4.901153154694687e-05,4.57904798878068e-09,0.999999999999889,1.0,0.0,0.0,0.0,0.9951499347871797,1.0,2020-10-15 12:31:20.490450,0:00:09.378549
611,0.0,0.9,0.0005,500000,0.001,0.0,0.0,0.0,1.8950623457079568e-07,5.170574967307142e-05,5.520883376153792e-09,0.999999999999889,1.0,0.0,0.0,0.0,0.9942879601303798,1.0,2020-10-15 12:31:20.534739,0:00:09.422302
611,0.0,0.9,0.0005,500000,0.001,0.0,0.0,0.0,2.258714006674376e-07,5.449353751612321e-05,4.699695014015307e-09,0.999999999999889,1.0,0.0,0.0,0.0,0.9974577385901471,1.0,2020-10-15 12:31:20.536812,0:00:09.425546
611,0.0,0.9,0.0005,500000,0.001,0.0,0.0,0.0,1.7927268820921836e-07,4.687781235540432e-05,4.694996493925045e-09,0.999999999999889,1.0,0.0,0.0,0.0,0.9954413956876573,1.0,2020-10-15 12:31:20.538813,0:00:09.425200
611,0.0,0.9,0.0005,500000,0.001,0.0,0.0,0.0,1.7563411125165352e-07,4.997687931297582e-05,5.134691421307067e-09,0.999999999999889,1.0,0.0,0.0,0.0,0.9988274636945572,1.0,2020-10-15 12:31:20.617079,0:00:09.505896
611,0.0,0.9,0.0005,500000,0.001,0.0,0.0,0.0,1.8922211732492713e-07,5.08085481509739e-05,4.751690107627328e-09,0.999999999999889,1.0,0.0,0.0,0.0,0.9982890546128242,1.0,2020-10-15 12:31:20.634165,0:00:09.522994
611,0.0,0.9,0.0005,500000,0.001,0.0,0.0,0.0,1.4980930038459702e-07,4.392695865565186e-05,4.226909482106726e-09,0.999999999999889,1.0,0.0,0.0,0.0,0.9900503308448699,1.0,2020-10-15 12:31:20.741151,0:00:09.631619
611,0.0,0.9,0.0005,500000,0.001,0.0,0.0,0.0,1.7802184969970778e-07,4.597232581731499e-05,4.1785664416900465e-09,0.999999999999889,1.0,0.0,0.0,0.0,0.9934676412100578,1.0,2020-10-15 12:31:20.852719,0:00:09.743636
611,0.0,0.9,0.0005,500000,0.001,0.0,0.0,0.0,2.2768607459410965e-07,5.280332907178039e-05,3.976714007621694e-09,0.999999999999889,1.0,0.0,0.0,0.0,0.9993408334191058,1.0,2020-10-15 12:31:20.899554,0:00:09.787288
611,0.0,0.9,0.0005,500000,0.001,0.0,0.0,0.0,1.680719084118687e-07,4.4501881762289906e-05,4.355670718749059e-09,0.999999999999889,1.0,0.0,0.0,0.0,0.9963834647858526,1.0,2020-10-15 12:31:20.947076,0:00:09.838183
611,0.0,0.9,0.0005,500000,0.001,0.0,0.0,0.0,1.7484533661524657e-07,4.7349060614092233e-05,5.214919356868267e-09,0.999999999999889,1.0,0.0,0.0,0.0,0.9895332852715054,1.0,2020-10-15 12:31:21.238735,0:00:10.130311
611,0.0,0.9,0.0005,500000,0.001,0.0,0.0,0.0,1.6565184852062593e-07,4.412512505524146e-05,4.563045340798567e-09,0.999999999999889,1.0,0.0,0.0,0.0,0.9904768584261576,1.0,2020-10-15 12:31:21.253026,0:00:10.144306
611,0.0,0.9,0.0005,500000,0.001,0.0,0.0,0.0,1.6019309159629425e-07,4.7301723390743296e-05,4.3622107637819356e-09,0.999999999999889,1.0,0.0,0.0,0.0,0.9966829728841895,1.0,2020-10-15 12:31:28.085417,0:00:08.438580
611,0.0,0.9,0.0005,500000,0.001,0.0,0.0,0.0,1.7502031317334163e-07,4.74913567103194e-05,4.1974170858624966e-09,0.999999999999889,1.0,0.0,0.0,0.0,0.9995414739210424,1.0,2020-10-15 12:31:28.154087,0:00:08.464644
611,0.0,0.9,0.0005,500000,0.001,0.0,0.0,0.0,1.6043362172371773e-07,4.5106882996602145e-05,4.876885842139533e-09,0.999999999999889,1.0,0.0,0.0,0.0,0.9987263225630546,1.0,2020-10-15 12:31:28.162193,0:00:08.452109
611,0.0,0.9,0.0005,500000,0.001,0.0,0.0,0.0,1.6698271240833878e-07,4.2014596569601154e-05,4.558483436219104e-09,0.999999999999889,1.0,0.0,0.0,0.0,0.9997001639762063,1.0,2020-10-15 12:31:28.193113,0:00:08.573134
611,0.0,0.9,0.0005,500000,0.001,0.0,0.0,0.0,1.6950696879257757e-07,4.636485461057294e-05,4.627393449419656e-09,0.999999999999889,1.0,0.0,0.0,0.0,0.9943957077513135,1.0,2020-10-15 12:31:28.237458,0:00:08.413377
611,0.0,0.9,0.0005,500000,0.001,0.0,0.0,0.0,1.5875746484857996e-07,4.574298068791199e-05,4.063160946094979e-09,0.999999999999889,1.0,0.0,0.0,0.0,0.988856055152388,1.0,2020-10-15 12:31:28.259428,0:00:08.381487
611,0.0,0.9,0.0005,500000,0.001,0.0,0.0,0.0,1.691682090307027e-07,4.4613303543642846e-05,4.0753717890023876e-09,0.999999999999889,1.0,0.0,0.0,0.0,0.9992737546376506,1.0,2020-10-15 12:31:28.325748,0:00:08.545926
611,0.0,0.9,0.0005,500000,0.001,0.0,0.0,0.0,1.8931677571278352e-07,4.713641548608189e-05,3.777048833261986e-09,0.999999999999889,1.0,0.0,0.0,0.0,0.9989763880753981,1.0,2020-10-15 12:31:28.379210,0:00:08.578448
611,0.0,0.9,0.0005,500000,0.001,0.0,0.0,0.0,1.9469391843871757e-07,5.4439057601991467e-05,4.671574259802613e-09,0.999999999999889,1.0,0.0,0.0,0.0,0.99819560218124,1.0,2020-10-15 12:31:28.383816,0:00:08.479308
611,0.0,0.9,0.0005,500000,0.001,0.0,0.0,0.0,1.7607385592686818e-07,4.775334448040352e-05,4.872010175518854e-09,0.999999999999889,1.0,0.0,0.0,0.0,0.9782053833552885,1.0,2020-10-15 12:31:28.412362,0:00:08.400218
611,0.0,0.9,0.0005,500000,0.001,0.0,0.0,0.0,2.1571418414158884e-07,5.253990567251624e-05,4.678588634397558e-09,0.999999999999889,1.0,0.0,0.0,0.0,0.99832758402627,1.0,2020-10-15 12:31:28.440462,0:00:08.474962
611,0.0,0.9,0.0005,500000,0.001,0.0,0.0,0.0,1.6107680252302535e-07,4.32728091146828e-05,3.907709808221356e-09,0.999999999999889,1.0,0.0,0.0,0.0,0.9989160568060788,1.0,2020-10-15 12:31:28.479267,0:00:08.637354
611,0.0,0.9,0.0005,500000,0.001,0.0,0.0,0.0,2.0860571353365103e-07,5.058036642813804e-05,4.666903853436376e-09,0.999999999999889,1.0,0.0,0.0,0.0,0.9943211004338438,1.0,2020-10-15 12:31:28.502553,0:00:08.555051
611,0.0,0.9,0.0005,500000,0.001,0.0,0.0,0.0,2.2609744158466187e-07,5.61816249074708e-05,4.945659732483502e-09,0.999999999999889,1.0,0.0,0.0,0.0,0.9988783621986156,1.0,2020-10-15 12:31:28.552045,0:00:08.737416
611,0.0,0.9,0.0005,500000,0.001,0.0,0.0,0.0,1.9842941162191832e-07,5.121674922162377e-05,4.602006316763161e-09,0.999999999999889,1.0,0.0,0.0,0.0,0.9935738515974265,1.0,2020-10-15 12:31:28.601276,0:00:08.744772
611,0.0,0.9,0.0005,500000,0.001,0.0,0.0,0.0,1.7432145583846367e-07,4.608742922941033e-05,4.410472099111532e-09,0.999999999999889,1.0,0.0,0.0,0.0,0.9928055249231811,1.0,2020-10-15 12:31:28.628012,0:00:08.743609
611,0.0,0.9,0.0005,500000,0.001,0.0,0.0,0.0,1.982310318176493e-07,5.0479281540544386e-05,4.450355525831475e-09,0.999999999999889,1.0,0.0,0.0,0.0,0.9964280711824557,1.0,2020-10-15 12:31:28.654081,0:00:08.553529
611,0.0,0.9,0.0005,500000,0.001,0.0,0.0,0.0,1.6148009927275875e-07,4.3207932350208514e-05,5.419660921333262e-09,0.999999999999889,1.0,0.0,0.0,0.0,0.999274056648731,1.0,2020-10-15 12:31:28.693818,0:00:08.830386
611,0.0,0.9,0.0005,500000,0.001,0.0,0.0,0.0,1.7484533661524657e-07,4.392695865565186e-05,3.990660385454171e-09,0.999999999999889,1.0,0.0,0.0,0.0,0.9962555600208469,1.0,2020-10-15 12:31:28.727721,0:00:08.891893
611,0.0,0.9,0.0005,500000,0.001,0.0,0.0,0.0,1.6664899737410977e-07,4.739644521019112e-05,4.519890928654175e-09,0.999999999999889,1.0,0.0,0.0,0.0,0.9946087683663836,1.0,2020-10-15 12:31:28.757483,0:00:08.694171
611,0.0,0.9,0.0005,500000,0.001,0.0,0.0,0.0,1.9813191630174048e-07,5.0555076244923975e-05,4.08966416071137e-09,0.999999999999889,1.0,0.0,0.0,0.0,0.9998899602423581,1.0,2020-10-15 12:31:28.795382,0:00:08.923400
611,0.0,0.9,0.0005,500000,0.001,0.0,0.0,0.0,1.7061263003329247e-07,4.5423818397460574e-05,4.825933768342673e-09,0.999999999999889,1.0,0.0,0.0,0.0,0.9968878797028777,1.0,2020-10-15 12:31:28.919964,0:00:08.605863
611,0.0,0.9,0.0005,500000,0.001,0.0,0.0,0.0,1.8827813265127272e-07,4.930655869530641e-05,5.188903349771304e-09,0.999999999999889,1.0,0.0,0.0,0.0,0.9991931243025001,1.0,2020-10-15 12:31:28.930047,0:00:08.836365
611,0.0,0.9,0.0005,500000,0.001,0.0,0.0,0.0,1.8326139951820923e-07,4.70422133361677e-05,4.338278495098447e-09,0.999999999999889,1.0,0.0,0.0,0.0,0.9901576025293735,1.0,2020-10-15 12:31:29.109830,0:00:08.890107
611,0.0,0.9,0.0005,500000,0.001,0.0,0.0,0.0,1.772223517048782e-07,4.869391056678285e-05,4.569896759085864e-09,0.999999999999889,1.0,0.0,0.0,0.0,0.9997717431972815,1.0,2020-10-15 12:31:29.192795,0:00:08.795398
611,0.0,0.9,0.0005,500000,0.001,0.0,0.0,0.0,2.00123675640675e-07,4.957856009214791e-05,4.5131144816144035e-09,0.999999999999889,1.0,0.0,0.0,0.0,0.9846542804728965,1.0,2020-10-15 12:31:29.268213,0:00:08.993810
611,0.0,0.9,0.0005,500000,0.001,0.0,0.0,0.0,1.713823097847008e-07,4.503925649663113e-05,4.292953610902137e-09,0.999999999999889,1.0,0.0,0.0,0.0,0.99965097310565,1.0,2020-10-15 12:31:29.301566,0:00:09.206161
611,0.0,0.9,0.0005,500000,0.001,0.0,0.0,0.0,2.439553142351007e-07,5.4958823579886016e-05,4.4548092213505205e-09,0.999999999999889,1.0,0.0,0.0,0.0,0.998847709631109,1.0,2020-10-15 12:31:29.302042,0:00:09.068126
611,0.0,0.9,0.0005,500000,0.001,0.0,0.0,0.0,2.0488348067487121e-07,4.515202373232854e-05,3.954896678459615e-09,0.999999999999889,1.0,0.0,0.0,0.0,0.9997522545649518,1.0,2020-10-15 12:31:29.365002,0:00:08.988434
611,0.0,0.9,0.0005,500000,0.001,0.0,0.0,0.0,1.5230228771163517e-07,4.203561437678955e-05,4.299399486119127e-09,0.999999999999889,1.0,0.0,0.0,0.0,0.997946353146164,1.0,2020-10-15 12:31:29.413038,0:00:09.010063
611,0.0,0.9,0.0005,500000,0.001,0.0,0.0,0.0,1.861248011416041e-07,4.5788757998721214e-05,4.634341486472543e-09,0.999999999999889,1.0,0.0,0.0,0.0,0.9917050638096135,1.0,2020-10-15 12:31:29.455376,0:00:09.056387
611,0.0,0.9,0.0005,500000,0.001,0.0,0.0,0.0,1.8649751652160964e-07,4.5106882996602145e-05,4.3994569395322885e-09,0.999999999999889,1.0,0.0,0.0,0.0,0.9967932253400003,1.0,2020-10-15 12:31:29.544846,0:00:09.052486
611,0.0,0.9,0.0005,500000,0.001,0.0,0.0,0.0,1.9665111664041215e-07,5.338751890323245e-05,4.488354314299678e-09,0.999999999999889,1.0,0.0,0.0,0.0,0.988386486319924,1.0,2020-10-15 12:31:29.592452,0:00:09.121196
611,0.0,0.9,0.0005,500000,0.001,0.0,0.0,0.0,1.830781839340409e-07,4.871826970163367e-05,4.680929098947031e-09,0.999999999999889,1.0,0.0,0.0,0.0,0.9968703134573351,1.0,2020-10-15 12:31:29.676306,0:00:09.136410
611,0.0,0.9,0.0005,500000,0.001,0.0,0.0,0.0,2.2407118981878211e-07,5.7030915371760264e-05,5.017912429095134e-09,0.999999999999889,1.0,0.0,0.0,0.0,0.997192768998298,1.0,2020-10-15 12:31:29.685541,0:00:09.149535
611,0.0,0.9,0.0005,500000,0.001,0.0,0.0,0.0,2.022365758127891e-07,5.070700724209308e-05,4.785077003572439e-09,0.999999999999889,1.0,0.0,0.0,0.0,0.9992906795407214,1.0,2020-10-15 12:31:29.695502,0:00:09.459532
611,0.0,0.9,0.0005,500000,0.001,0.0,0.0,0.0,1.654034949660249e-07,4.893805100214867e-05,5.373777612107204e-09,0.999999999999889,1.0,0.0,0.0,0.0,0.9979907034926937,1.0,2020-10-15 12:31:29.692896,0:00:09.397380
611,0.0,0.9,0.0005,500000,0.001,0.0,0.0,0.0,1.6228972456841653e-07,4.553754848170133e-05,4.535742233659209e-09,0.999999999999889,1.0,0.0,0.0,0.0,0.9993129796642347,1.0,2020-10-15 12:31:29.796387,0:00:09.451476
611,0.0,0.9,0.0005,500000,0.001,0.0,0.0,0.0,1.9842941162191832e-07,5.397817192110042e-05,4.528942021548427e-09,0.999999999999889,1.0,0.0,0.0,0.0,0.9954724474832582,1.0,2020-10-15 12:31:29.906975,0:00:09.276037
611,0.0,0.9,0.0005,500000,0.001,0.0,0.0,0.0,2.221741841130125e-07,5.7546639830023844e-05,4.425939671131024e-09,0.999999999999889,1.0,0.0,0.0,0.0,0.9979988036527664,1.0,2020-10-15 12:31:29.936058,0:00:09.537590
611,0.0,0.9,0.0005,500000,0.001,0.0,0.0,0.0,1.7388608778465977e-07,4.4702641795619924e-05,4.1245832323331435e-09,0.999999999999889,1.0,0.0,0.0,0.0,0.9994326789585307,1.0,2020-10-15 12:31:29.945182,0:00:09.202423
611,0.0,0.9,0.0005,500000,0.001,0.0,0.0,0.0,1.8659081192757343e-07,4.474737798676219e-05,4.450355525831475e-09,0.999999999999889,1.0,0.0,0.0,0.0,0.9948097543474937,1.0,2020-10-15 12:31:29.988601,0:00:09.353194
611,0.0,0.9,0.0005,500000,0.001,0.0,0.0,0.0,1.854743406789255e-07,4.708929085469968e-05,4.501842972556589e-09,0.999999999999889,1.0,0.0,0.0,0.0,0.9901473690594972,1.0,2020-10-15 12:31:30.027754,0:00:09.127016
611,0.0,0.9,0.0005,500000,0.001,0.0,0.0,0.0,1.661496748992613e-07,4.344629045640928e-05,4.515372167698253e-09,0.999999999999889,1.0,0.0,0.0,0.0,0.9924169783023512,1.0,2020-10-15 12:31:30.212072,0:00:09.674944
611,0.0,0.9,0.0005,500000,0.001,0.0,0.0,0.0,1.8538160350858603e-07,4.8112931232525455e-05,4.7755140247885605e-09,0.999999999999889,1.0,0.0,0.0,0.0,0.9992693836610795,1.0,2020-10-15 12:31:30.523587,0:00:09.670253
611,0.0,0.9,0.0005,500000,0.001,0.0,0.0,0.0,1.914112825789009e-07,4.9702692629101926e-05,4.893989132059297e-09,0.999999999999889,1.0,0.0,0.0,0.0,0.999464434979657,1.0,2020-10-15 12:31:30.699617,0:00:09.751521
611,0.0,0.9,0.0005,500000,0.001,0.0,0.0,0.0,1.7336508115958275e-07,4.452414383420701e-05,4.5244142117623844e-09,0.999999999999889,1.0,0.0,0.0,0.0,0.9983010359773363,1.0,2020-10-15 12:31:30.926683,0:00:09.671857
611,0.0,0.9,0.0005,500000,0.001,0.0,0.0,0.0,1.9026596791169677e-07,4.8329981687367834e-05,3.996652367015e-09,0.999999999999889,1.0,0.0,0.0,0.0,0.9888935249469166,1.0,2020-10-15 12:31:31.243771,0:00:10.003815
611,0.0,0.9,0.0005,500000,0.001,0.0,0.0,0.0,1.7686817274639589e-07,4.6854373449226616e-05,4.174388919889967e-09,0.999999999999889,1.0,0.0,0.0,0.0,0.9976977430464155,1.0,2020-10-15 12:31:36.241469,0:00:08.155572
611,0.0,0.9,0.0005,500000,0.001,0.0,0.0,0.0,1.544500560156849e-07,4.425773239653743e-05,4.833179913932784e-09,0.999999999999889,1.0,0.0,0.0,0.0,0.9958014949384928,1.0,2020-10-15 12:31:36.282486,0:00:08.089132
611,0.0,0.9,0.0005,500000,0.001,0.0,0.0,0.0,1.6351178002014028e-07,4.4324185437094524e-05,4.417094428485576e-09,0.999999999999889,1.0,0.0,0.0,0.0,0.9987906085031224,1.0,2020-10-15 12:31:36.435746,0:00:08.281248
584,0.0,0.9,0.0005,500000,0.001,0.0,0.0,0.0,6.404914688141876e-08,0.0001850059004370484,6.753621436367668e-08,0.999999999999889,2.5114486572197713e-11,0.0,0.9993890810748659,0.0,0.0,0.0,2020-10-15 12:31:36.511129,0:00:08.131583
584,0.0,0.9,0.0005,500000,0.001,0.0,0.0,0.0,7.520297919020861e-08,0.00019035577975549475,7.004746552198553e-08,0.999999999999889,2.4202007416915646e-11,0.0,0.9952053488958907,0.0,0.0,0.0,2020-10-15 12:31:36.564828,0:00:08.304276
611,0.0,0.9,0.0005,500000,0.001,0.0,0.0,0.0,1.8125607227514594e-07,4.5697249142969255e-05,4.233256191981711e-09,0.999999999999889,1.0,0.0,0.0,0.0,0.994467598553414,1.0,2020-10-15 12:31:36.662008,0:00:08.492191
584,0.0,0.9,0.0005,500000,0.001,0.0,0.0,0.0,6.322169120888616e-08,0.00017810588191384118,6.344341034461419e-08,0.999999999999889,2.0540418253344012e-11,0.0,0.996902573661155,0.0,0.0,0.0,2020-10-15 12:31:36.677435,0:00:08.075757
584,0.0,0.9,0.0005,500000,0.001,0.0,0.0,0.0,7.04338848741234e-08,0.00018921678071842825,6.649721631150541e-08,0.999999999999889,2.6009284926687086e-11,0.0,0.9978923857652807,0.0,0.0,0.0,2020-10-15 12:31:36.680726,0:00:08.296341
584,0.0,0.9,0.0005,500000,0.001,0.0,0.0,0.0,6.06510579725856e-08,0.00017422938120362506,5.789467724774136e-08,0.999999999999889,1.923782102917993e-11,0.0,0.9997971133876761,0.0,0.0,0.0,2020-10-15 12:31:36.732209,0:00:08.493693
584,0.0,0.9,0.0005,500000,0.001,0.0,0.0,0.0,6.524538627177952e-08,0.00017926763220516074,6.511499333469674e-08,0.999999999999889,2.3746397369056808e-11,0.0,0.9986147957280066,0.0,0.0,0.0,2020-10-15 12:31:36.739154,0:00:07.808742
584,0.0,0.9,0.0005,500000,0.001,0.0,0.0,0.0,6.756999936335835e-08,0.00017998631883538752,6.350690136925811e-08,0.999999999999889,2.8374059903245824e-11,0.0,0.998247533371366,0.0,0.0,0.0,2020-10-15 12:31:36.749224,0:00:08.422862
584,0.0,0.9,0.0005,500000,0.001,0.0,0.0,0.0,6.398511374682405e-08,0.00019566455197781216,8.50059694012392e-08,0.999999999999889,2.5278303520734576e-11,0.0,0.9999487000091333,0.0,0.0,0.0,2020-10-15 12:31:36.749986,0:00:08.309172
584,0.0,0.9,0.0005,500000,0.001,0.0,0.0,0.0,6.550695600537119e-08,0.0001805272239813906,6.074212561200216e-08,0.999999999999889,1.9953155769186468e-11,0.0,0.999494714108586,0.0,0.0,0.0,2020-10-15 12:31:36.750237,0:00:08.270635
584,0.0,0.9,0.0005,500000,0.001,0.0,0.0,0.0,6.325331786782006e-08,0.00018472853031769243,6.234253617320868e-08,0.999999999999889,2.3651577838241232e-11,0.0,0.9995895914301458,0.0,0.0,0.0,2020-10-15 12:31:36.752611,0:00:08.249671
584,0.0,0.9,0.0005,500000,0.001,0.0,0.0,0.0,6.491989237319122e-08,0.0001752781629061049,5.827231305311556e-08,0.999999999999889,2.190928889909984e-11,0.0,0.9994623452975547,0.0,0.0,0.0,2020-10-15 12:31:36.752548,0:00:08.339808
584,0.0,0.9,0.0005,500000,0.001,0.0,0.0,0.0,6.129141014690441e-08,0.0001709494608506912,5.9301313287722646e-08,0.999999999999889,2.549413906527569e-11,0.0,0.9989653276984592,0.0,0.0,0.0,2020-10-15 12:31:36.866724,0:00:08.212288
584,0.0,0.9,0.0005,500000,0.001,0.0,0.0,0.0,6.453144241388605e-08,0.0001752781629061049,6.312690608043853e-08,0.999999999999889,2.2441607185355387e-11,0.0,0.9980766617176383,0.0,0.0,0.0,2020-10-15 12:31:36.909526,0:00:08.281178
584,0.0,0.9,0.0005,500000,0.001,0.0,0.0,0.0,6.052984680290565e-08,0.00018179566605269746,6.994244685054577e-08,0.999999999999889,2.111326349081566e-11,0.0,0.9972529244368167,0.0,0.0,0.0,2020-10-15 12:31:36.913226,0:00:08.219050
584,0.0,0.9,0.0005,500000,0.001,0.0,0.0,0.0,6.669705753683026e-08,0.00017580491883350733,6.928097519020776e-08,0.999999999999889,2.0746904773261448e-11,0.0,0.9967893682414883,0.0,0.0,0.0,2020-10-15 12:31:36.992450,0:00:08.440117
584,0.0,0.9,0.0005,500000,0.001,0.0,0.0,0.0,6.848861069839522e-08,0.000185933478866306,6.767145580192832e-08,0.999999999999889,2.2509049982617332e-11,0.0,0.99998733572424,0.0,0.0,0.0,2020-10-15 12:31:37.185064,0:00:08.389072
584,0.0,0.9,0.0005,500000,0.001,0.0,0.0,0.0,5.6098976751371796e-08,0.00017810588191384118,6.144486878347804e-08,0.999999999999889,2.1691233585881687e-11,0.0,0.9958029459565351,0.0,0.0,0.0,2020-10-15 12:31:37.300742,0:00:08.380131
584,0.0,0.9,0.0005,500000,0.001,0.0,0.0,0.0,7.479039529611486e-08,0.00020182671366211137,6.60332455875287e-08,0.999999999999889,2.5417752187389905e-11,0.0,0.9996952292981466,0.0,0.0,0.0,2020-10-15 12:31:37.342893,0:00:08.614800
584,0.0,0.9,0.0005,500000,0.001,0.0,0.0,0.0,6.807880721496174e-08,0.00017501537709845816,6.811286364678514e-08,0.999999999999889,2.5481391995743052e-11,0.0,0.9998397207813828,0.0,0.0,0.0,2020-10-15 12:31:37.369704,0:00:08.101099
584,0.0,0.9,0.0005,500000,0.001,0.0,0.0,0.0,6.56053147817584e-08,0.00017792782055839782,6.221794458349915e-08,0.999999999999889,2.4543304354771526e-11,0.0,0.9944105375888634,0.0,0.0,0.0,2020-10-15 12:31:37.374040,0:00:08.615949
584,0.0,0.9,0.0005,500000,0.001,0.0,0.0,0.0,6.21246643223051e-08,0.00017944703437777992,7.243441044975833e-08,0.999999999999889,2.36161182072108e-11,0.0,0.9983910756833307,0.0,0.0,0.0,2020-10-15 12:31:37.440647,0:00:08.330438
584,0.0,0.9,0.0005,500000,0.001,0.0,0.0,0.0,6.433808991828531e-08,0.0001782841214642751,6.938500066112208e-08,0.999999999999889,2.1799988605752506e-11,0.0,0.9991200426933992,0.0,0.0,0.0,2020-10-15 12:31:37.614573,0:00:08.421292
584,0.0,0.9,0.0005,500000,0.001,0.0,0.0,0.0,6.366590705168218e-08,0.00019217323329658752,6.010751217897518e-08,0.999999999999889,2.2107412251579345e-11,0.0,0.9991503541074107,0.0,0.0,0.0,2020-10-15 12:31:37.652026,0:00:08.349435
584,0.0,0.9,0.0005,500000,0.001,0.0,0.0,0.0,5.962845110621194e-08,0.00017580491883350733,6.00774584228857e-08,0.999999999999889,2.5853657655876927e-11,0.0,0.999874454099368,0.0,0.0,0.0,2020-10-15 12:31:37.730966,0:00:08.428443
584,0.0,0.9,0.0005,500000,0.001,0.0,0.0,0.0,5.731847223994492e-08,0.00018950088995137545,5.995739359219258e-08,0.999999999999889,2.11555428537854e-11,0.0,0.99958706703116,0.0,0.0,0.0,2020-10-15 12:31:37.960119,0:00:08.504352
584,0.0,0.9,0.0005,500000,0.001,0.0,0.0,0.0,5.844743633028398e-08,0.00017475298527246637,7.107081094980222e-08,0.999999999999889,2.1411002932566402e-11,0.0,0.9986442067621941,0.0,0.0,0.0,2020-10-15 12:31:38.122055,0:00:08.425170
584,0.0,0.9,0.0005,500000,0.001,0.0,0.0,0.0,6.540874469339176e-08,0.0001675635966288962,5.471354600549874e-08,0.999999999999889,2.8502062967078293e-11,0.0,0.998986332849248,0.0,0.0,0.0,2020-10-15 12:31:38.159302,0:00:08.455699
584,0.0,0.9,0.0005,500000,0.001,0.0,0.0,0.0,6.713210956987346e-08,0.00017484040547520398,5.6890085052938136e-08,0.999999999999889,2.4408653145555357e-11,0.0,0.9981942226643604,0.0,0.0,0.0,2020-10-15 12:31:38.217057,0:00:08.851628
584,0.0,0.9,0.0005,500000,0.001,0.0,0.0,0.0,6.7739178045179e-08,0.00018770870975242532,5.9005472972316674e-08,0.999999999999889,2.058155049229235e-11,0.0,0.9990408248742134,0.0,0.0,0.0,2020-10-15 12:31:38.220948,0:00:08.675707
584,0.0,0.9,0.0005,500000,0.001,0.0,0.0,0.0,7.117752386134854e-08,0.000185654718074874,7.018773574696533e-08,0.999999999999889,2.487696955814548e-11,0.0,0.997761578792828,0.0,0.0,0.0,2020-10-15 12:31:38.225549,0:00:08.427945
584,0.0,0.9,0.0005,500000,0.001,0.0,0.0,0.0,6.366590705168218e-08,0.0001719784989230899,7.276118168010337e-08,0.999999999999889,2.645533497263117e-11,0.0,0.9966055742265536,0.0,0.0,0.0,2020-10-15 12:31:38.260554,0:00:08.574409
584,0.0,0.9,0.0005,500000,0.001,0.0,0.0,0.0,5.3629876967025664e-08,0.0001628542832511734,5.827231305311556e-08,0.999999999999889,2.1964144377130035e-11,0.0,0.9987973180986819,0.0,0.0,0.0,2020-10-15 12:31:38.364948,0:00:08.951429
584,0.0,0.9,0.0005,500000,0.001,0.0,0.0,0.0,7.160598021089133e-08,0.00018658554953143475,6.57038212439714e-08,0.999999999999889,2.201913719980358e-11,0.0,0.9957746265033643,0.0,0.0,0.0,2020-10-15 12:31:38.403846,0:00:08.810988
584,0.0,0.9,0.0005,500000,0.001,0.0,0.0,0.0,5.430462753386984e-08,0.00016706153378374494,5.8535195229048026e-08,0.999999999999889,1.886622544720124e-11,0.0,0.9987859638673529,0.0,0.0,0.0,2020-10-15 12:31:38.459687,0:00:08.782928
584,0.0,0.9,0.0005,500000,0.001,0.0,0.0,0.0,5.8946482250712606e-08,0.00016916343800194304,6.459602228716765e-08,0.999999999999889,2.0386903135937226e-11,0.0,0.9971016636919103,0.0,0.0,0.0,2020-10-15 12:31:38.487751,0:00:08.498878
584,0.0,0.9,0.0005,500000,0.001,0.0,0.0,0.0,6.303226305860659e-08,0.00017362049231179117,6.424163102893306e-08,0.999999999999889,2.0612453716102772e-11,0.0,0.9999884992526156,0.0,0.0,0.0,2020-10-15 12:31:38.496168,0:00:08.588674
584,0.0,0.9,0.0005,500000,0.001,0.0,0.0,0.0,5.570755761683604e-08,0.00016212290295640423,5.803963129944312e-08,0.999999999999889,2.7507744728256112e-11,0.0,0.998869032908888,0.0,0.0,0.0,2020-10-15 12:31:38.508528,0:00:08.563052
584,0.0,0.9,0.0005,500000,0.001,0.0,0.0,0.0,5.7519488724687506e-08,0.0001696718176094759,6.938500066112208e-08,0.999999999999889,2.4543304354771526e-11,0.0,0.9991459697019169,0.0,0.0,0.0,2020-10-15 12:31:38.530797,0:00:08.502715
584,0.0,0.9,0.0005,500000,0.001,0.0,0.0,0.0,6.649721631150541e-08,0.00017677475296429352,6.35704559325767e-08,0.999999999999889,2.3287714634828886e-11,0.0,0.996500185634696,0.0,0.0,0.0,2020-10-15 12:31:38.743918,0:00:08.807330
584,0.0,0.9,0.0005,500000,0.001,0.0,0.0,0.0,6.433808991828531e-08,0.00017846253938802827,5.640844876567412e-08,0.999999999999889,2.0664062237364212e-11,0.0,0.9979817081720006,0.0,0.0,0.0,2020-10-15 12:31:38.866167,0:00:08.652849
584,0.0,0.9,0.0005,500000,0.001,0.0,0.0,0.0,5.479569846326926e-08,0.00016798313471778027,6.567096933334942e-08,0.999999999999889,2.158302111924614e-11,0.0,0.9979902963010474,0.0,0.0,0.0,2020-10-15 12:31:39.168312,0:00:08.643546
584,0.0,0.9,0.0005,500000,0.001,0.0,0.0,0.0,6.955872366039057e-08,0.00019313674713839198,6.683061856143643e-08,0.999999999999889,2.190928889909984e-11,0.0,0.9978253670243961,0.0,0.0,0.0,2020-10-15 12:31:39.558620,0:00:08.631357
584,0.0,0.9,0.0005,500000,0.001,0.0,0.0,0.0,6.872880097614482e-08,0.00018426717058237107,7.20730521990611e-08,0.999999999999889,2.7756494317063468e-11,0.0,0.9990778862331188,0.0,0.0,0.0,2020-10-15 12:31:39.592495,0:00:08.892554
584,0.0,0.9,0.0005,500000,0.001,0.0,0.0,0.0,5.6975505586811096e-08,0.0001630172597566151,6.004741969367425e-08,0.999999999999889,1.9460388929564044e-11,0.0,0.9996997640711139,0.0,0.0,0.0,2020-10-15 12:31:40.106544,0:00:08.862438
584,0.0,0.9,0.0005,500000,0.001,0.0,0.0,0.0,5.3844879949342074e-08,0.00016614498900182297,6.491989237319122e-08,0.999999999999889,2.0386903135937226e-11,0.0,0.9999941007936883,0.0,0.0,0.0,2020-10-15 12:31:44.530660,0:00:08.247790
584,0.0,0.9,0.0005,500000,0.001,0.0,0.0,0.0,5.328232663446719e-08,0.00016992658005586547,6.293776193033694e-08,0.999999999999889,2.2655872171158436e-11,0.0,0.99949260287346,0.0,0.0,0.0,2020-10-15 12:31:44.583811,0:00:08.341908
584,0.0,0.9,0.0005,500000,0.001,0.0,0.0,0.0,5.906452272891491e-08,0.0001752781629061049,5.4987867553854763e-08,0.999999999999889,2.1314845893749243e-11,0.0,0.996491049953894,0.0,0.0,0.0,2020-10-15 12:31:44.638310,0:00:08.202113
584,0.0,0.9,0.0005,500000,0.001,0.0,0.0,0.0,6.553972586830534e-08,0.0001915974337660697,6.524538627177952e-08,0.999999999999889,2.243038638176271e-11,0.0,0.9999644380094811,0.0,0.0,0.0,2020-10-15 12:31:44.701519,0:00:07.951909
584,0.0,0.9,0.0005,500000,0.001,0.0,0.0,0.0,6.784088850575135e-08,0.00017659802240501746,6.709854351508852e-08,0.999999999999889,2.381776139616214e-11,0.0,0.999975710441694,0.0,0.0,0.0,2020-10-15 12:31:44.723874,0:00:07.971075
584,0.0,0.9,0.0005,500000,0.001,0.0,0.0,0.0,6.928097519020776e-08,0.00020243325480772238,7.061023402183365e-08,0.999999999999889,2.4274740669310162e-11,0.0,0.9969492682013533,0.0,0.0,0.0,2020-10-15 12:31:44.753178,0:00:08.083808
584,0.0,0.9,0.0005,500000,0.001,0.0,0.0,0.0,6.190755388000518e-08,0.00016293575112673677,6.196950789552373e-08,0.999999999999889,2.0519882970195233e-11,0.0,0.9998894516706156,0.0,0.0,0.0,2020-10-15 12:31:44.755663,0:00:08.190387
584,0.0,0.9,0.0005,500000,0.001,0.0,0.0,0.0,6.653048155228155e-08,0.00018799055461493055,6.596722885025258e-08,0.999999999999889,2.4226227587946696e-11,0.0,0.9996934983323343,0.0,0.0,0.0,2020-10-15 12:31:44.786790,0:00:08.109079
584,0.0,0.9,0.0005,500000,0.001,0.0,0.0,0.0,7.371349173967533e-08,0.00019615444795671584,6.126076444183097e-08,0.999999999999889,2.310210992169508e-11,0.0,0.998200946326786,0.0,0.0,0.0,2020-10-15 12:31:44.827174,0:00:08.072765
584,0.0,0.9,0.0005,500000,0.001,0.0,0.0,0.0,6.221794458349915e-08,0.0001721506064919302,6.03183098561055e-08,0.999999999999889,2.2610594399297854e-11,0.0,0.9951654325927122,0.0,0.0,0.0,2020-10-15 12:31:44.871123,0:00:08.189829
584,0.0,0.9,0.0005,500000,0.001,0.0,0.0,0.0,6.086376187052849e-08,0.0001768631845565718,7.520297919020861e-08,0.999999999999889,2.3651577838241232e-11,0.0,0.9987822797583265,0.0,0.0,0.0,2020-10-15 12:31:44.880903,0:00:08.148029
584,0.0,0.9,0.0005,500000,0.001,0.0,0.0,0.0,5.556842792207095e-08,0.00017388118369818584,6.110776560608069e-08,0.999999999999889,2.080925455422317e-11,0.0,0.999825060744822,0.0,0.0,0.0,2020-10-15 12:31:44.904702,0:00:08.393174
584,0.0,0.9,0.0005,500000,0.001,0.0,0.0,0.0,6.527802528442173e-08,0.00018621265821741506,7.441728359070646e-08,0.999999999999889,2.0934516810611534e-11,0.0,0.9974446952312467,0.0,0.0,0.0,2020-10-15 12:31:44.925787,0:00:08.175449
584,0.0,0.9,0.0005,500000,0.001,0.0,0.0,0.0,6.132207118249566e-08,0.00017873050111416502,5.9212405786363367e-08,0.999999999999889,2.459245238315395e-11,0.0,0.9983352005191164,0.0,0.0,0.0,2020-10-15 12:31:44.964472,0:00:08.213929
584,0.0,0.9,0.0005,500000,0.001,0.0,0.0,0.0,6.567096933334942e-08,0.00018686570796746317,6.753621436367668e-08,0.999999999999889,2.2963877812384742e-11,0.0,0.9963962658553859,0.0,0.0,0.0,2020-10-15 12:31:44.988432,0:00:08.121319
584,0.0,0.9,0.0005,500000,0.001,0.0,0.0,0.0,7.645443736800797e-08,0.00018445157604552256,7.520297919020861e-08,0.999999999999889,2.5455916974095308e-11,0.0,0.9949573070794935,0.0,0.0,0.0,2020-10-15 12:31:44.991403,0:00:07.998503
584,0.0,0.9,0.0005,500000,0.001,0.0,0.0,0.0,5.818494828048664e-08,0.00016924806203295952,6.01375809694599e-08,0.999999999999889,2.2196041199363627e-11,0.0,0.9977502802145887,0.0,0.0,0.0,2020-10-15 12:31:45.051776,0:00:08.141894
584,0.0,0.9,0.0005,500000,0.001,0.0,0.0,0.0,6.344341034461419e-08,0.00018537637521559339,6.98375856283623e-08,0.999999999999889,2.0194096631822565e-11,0.0,0.9973802107765808,0.0,0.0,0.0,2020-10-15 12:31:45.076237,0:00:08.336786
584,0.0,0.9,0.0005,500000,0.001,0.0,0.0,0.0,5.328232663446719e-08,0.00016408058987787394,5.6549681666305155e-08,0.999999999999889,2.2803652052497085e-11,0.0,0.9989699683462497,0.0,0.0,0.0,2020-10-15 12:31:45.304722,0:00:08.391156
584,0.0,0.9,0.0005,500000,0.001,0.0,0.0,0.0,6.521276357864363e-08,0.0001761569686233686,6.20315239115543e-08,0.999999999999889,2.5001697149497543e-11,0.0,0.9991024968474643,0.0,0.0,0.0,2020-10-15 12:31:45.481249,0:00:08.138010
584,0.0,0.9,0.0005,500000,0.001,0.0,0.0,0.0,6.643073571949798e-08,0.0001805272239813906,5.6918544325100684e-08,0.999999999999889,2.2895072236101217e-11,0.0,0.9993195826702435,0.0,0.0,0.0,2020-10-15 12:31:45.519280,0:00:08.078408
584,0.0,0.9,0.0005,500000,0.001,0.0,0.0,0.0,7.128439700246503e-08,0.00018472853031769243,6.613239458838188e-08,0.999999999999889,2.4274740669310162e-11,0.0,0.995944188920455,0.0,0.0,0.0,2020-10-15 12:31:45.521353,0:00:08.220335
584,0.0,0.9,0.0005,500000,0.001,0.0,0.0,0.0,6.366590705168218e-08,0.00016424479361028583,5.7865729909117484e-08,0.999999999999889,2.286074679618936e-11,0.0,0.9999136009107819,0.0,0.0,0.0,2020-10-15 12:31:45.553248,0:00:08.367268
584,0.0,0.9,0.0005,500000,0.001,0.0,0.0,0.0,5.9420064315964425e-08,0.00017026685845761578,6.417740545831188e-08,0.999999999999889,2.831735433034393e-11,0.0,0.9973969211631356,0.0,0.0,0.0,2020-10-15 12:31:45.692392,0:00:08.317807
584,0.0,0.9,0.0005,500000,0.001,0.0,0.0,0.0,6.228020922266952e-08,0.00017998631883538752,5.8593774354959396e-08,0.999999999999889,2.5227784818510816e-11,0.0,0.9978019300837656,0.0,0.0,0.0,2020-10-15 12:31:45.721787,0:00:08.351365
584,0.0,0.9,0.0005,500000,0.001,0.0,0.0,0.0,6.411324409720493e-08,0.0001870527139182029,6.994244685054577e-08,0.999999999999889,2.0478873973820638e-11,0.0,0.9976691827194412,0.0,0.0,0.0,2020-10-15 12:31:45.872290,0:00:08.219983
584,0.0,0.9,0.0005,500000,0.001,0.0,0.0,0.0,5.772121017635538e-08,0.00016473839142729143,6.034848409815458e-08,0.999999999999889,1.9963137337855397e-11,0.0,0.9956317720595445,0.0,0.0,0.0,2020-10-15 12:31:45.890924,0:00:08.159292
584,0.0,0.9,0.0005,500000,0.001,0.0,0.0,0.0,6.162952640598804e-08,0.00017721735352619152,6.862575931269023e-08,0.999999999999889,2.2895072236101217e-11,0.0,0.9984497647452236,0.0,0.0,0.0,2020-10-15 12:31:45.985364,0:00:08.370368
584,0.0,0.9,0.0005,500000,0.001,0.0,0.0,0.0,6.498486098796393e-08,0.00017189250967362835,6.763762007402736e-08,0.999999999999889,2.0153738719608083e-11,0.0,0.9993349348966748,0.0,0.0,0.0,2020-10-15 12:31:46.112702,0:00:08.152191
584,0.0,0.9,0.0005,500000,0.001,0.0,0.0,0.0,7.039866793168634e-08,0.00018686570796746317,5.556842792207095e-08,0.999999999999889,2.521517092610156e-11,0.0,0.9969129105436507,0.0,0.0,0.0,2020-10-15 12:31:46.136849,0:00:07.967500
584,0.0,0.9,0.0005,500000,0.001,0.0,0.0,0.0,6.872880097614482e-08,0.0001719784989230899,6.401712230797805e-08,0.999999999999889,2.712522455463288e-11,0.0,0.9963062568031977,0.0,0.0,0.0,2020-10-15 12:31:46.210535,0:00:07.750361
584,0.0,0.9,0.0005,500000,0.001,0.0,0.0,0.0,6.649721631150541e-08,0.00017971647432437528,6.482256121643573e-08,0.999999999999889,2.6257612910486776e-11,0.0,0.997402324677341,0.0,0.0,0.0,2020-10-15 12:31:46.328384,0:00:08.205780
584,0.0,0.9,0.0005,500000,0.001,0.0,0.0,0.0,5.243638350119335e-08,0.00017846253938802827,5.818494828048664e-08,0.999999999999889,2.101844360295532e-11,0.0,0.9998370600226233,0.0,0.0,0.0,2020-10-15 12:31:46.389646,0:00:08.171928
584,0.0,0.9,0.0005,500000,0.001,0.0,0.0,0.0,6.784088850575135e-08,0.0001860264921123622,6.462833645539536e-08,0.999999999999889,2.0674399437082754e-11,0.0,0.9991104863363662,0.0,0.0,0.0,2020-10-15 12:31:46.487124,0:00:08.265420
584,0.0,0.9,0.0005,500000,0.001,0.0,0.0,0.0,7.71843988543638e-08,0.00018509844966187934,5.838900350581278e-08,0.999999999999889,2.254284734932366e-11,0.0,0.9974307090844802,0.0,0.0,0.0,2020-10-15 12:31:46.598774,0:00:08.337864
584,0.0,0.9,0.0005,500000,0.001,0.0,0.0,0.0,6.325331786782006e-08,0.00018279854835506288,6.319008036328172e-08,0.999999999999889,2.3557136922475524e-11,0.0,0.9994299601181871,0.0,0.0,0.0,2020-10-15 12:31:46.651975,0:00:08.426099
584,0.0,0.9,0.0005,500000,0.001,0.0,0.0,0.0,6.141414634908631e-08,0.000172927224471406,6.187660010306518e-08,0.999999999999889,2.303289016710858e-11,0.0,0.9997638752615233,0.0,0.0,0.0,2020-10-15 12:31:46.736117,0:00:08.204952
584,0.0,0.9,0.0005,500000,0.001,0.0,0.0,0.0,5.862308589790835e-08,0.00016622810305334963,6.068139867192155e-08,0.999999999999889,2.2735326553047032e-11,0.0,0.9994217259330617,0.0,0.0,0.0,2020-10-15 12:31:46.780167,0:00:08.292077
584,0.0,0.9,0.0005,500000,0.001,0.0,0.0,0.0,5.749072898032516e-08,0.00015899135524189022,6.63643215914624e-08,0.999999999999889,2.438425059457309e-11,0.0,0.9998124413185603,0.0,0.0,0.0,2020-10-15 12:31:46.824052,0:00:08.457991
584,0.0,0.9,0.0005,500000,0.001,0.0,0.0,0.0,6.156791228696366e-08,0.00017677475296429352,6.57038212439714e-08,0.999999999999889,2.2307327212311343e-11,0.0,0.997890661461591,0.0,0.0,0.0,2020-10-15 12:31:46.826671,0:00:08.329891
584,0.0,0.9,0.0005,500000,0.001,0.0,0.0,0.0,5.81558558063464e-08,0.0001769516603867652,6.138343927591176e-08,0.999999999999889,2.6022296074724448e-11,0.0,0.9999848524933108,0.0,0.0,0.0,2020-10-15 12:31:46.898723,0:00:08.494095
584,0.0,0.9,0.0005,500000,0.001,0.0,0.0,0.0,6.06207324435993e-08,0.00015899135524189022,5.766350339648157e-08,0.999999999999889,2.2872182887633176e-11,0.0,0.9932096957816134,0.0,0.0,0.0,2020-10-15 12:31:47.048881,0:00:08.540061
584,0.0,0.9,0.0005,500000,0.001,0.0,0.0,0.0,6.491989237319122e-08,0.000168825364786525,6.28748399028471e-08,0.999999999999889,2.3627932173297452e-11,0.0,0.9985065736706323,0.0,0.0,0.0,2020-10-15 12:31:47.223468,0:00:08.479125
584,0.0,0.9,0.0005,500000,0.001,0.0,0.0,0.0,6.037867343487201e-08,0.00017677475296429352,5.803963129944312e-08,0.999999999999889,1.86597828686631e-11,0.0,0.9978921428056792,0.0,0.0,0.0,2020-10-15 12:31:47.368655,0:00:08.502109
584,0.0,0.9,0.0005,500000,0.001,0.0,0.0,0.0,6.903885519920902e-08,0.0001988211595300276,6.896983360372362e-08,0.999999999999889,2.382967623427928e-11,0.0,0.9974351509231609,0.0,0.0,0.0,2020-10-15 12:31:47.730413,0:00:08.561415
584,0.0,0.9,0.0005,500000,0.001,0.0,0.0,0.0,5.1064731080672025e-08,0.00015788202558435904,6.903885519920902e-08,0.999999999999889,1.7173196103707977e-11,0.0,0.9996917574182302,0.0,0.0,0.0,2020-10-15 12:31:47.897098,0:00:08.338054
584,0.0,0.9,0.0005,500000,0.001,0.0,0.0,0.0,5.9509283616865675e-08,0.00017249533851218366,5.0657741605229535e-08,0.999999999999889,2.0850925138536696e-11,0.0,0.9944540588804611,0.0,0.0,0.0,2020-10-15 12:31:48.086178,0:00:08.493269
584,0.0,0.9,0.0005,500000,0.001,0.0,0.0,0.0,6.63643215914624e-08,0.00018389891254984013,6.969801517856959e-08,0.999999999999889,2.6587976137055792e-11,0.0,0.9950063090891864,0.0,0.0,0.0,2020-10-15 12:31:48.801742,0:00:08.694755
2253,0.0,0.9,0.0005,500000,0.001,0.0,1.0,0.0,0.0,0.0025365047052730337,0.9999999745261858,0.999999999999889,9.213464272761232e-09,0.0,0.9997841752361166,1.0,0.0,1.0,2020-10-15 12:31:52.510783,0:00:07.605686
2253,0.0,0.9,0.0005,500000,0.001,0.0,1.0,0.0,0.0,0.0027028395710290126,0.9999845032423967,0.999999999999889,8.994919519186121e-09,0.0,0.9984852937993147,1.0,0.0,1.0,2020-10-15 12:31:52.520559,0:00:07.693128
2253,0.0,0.9,0.0005,500000,0.001,0.0,1.0,0.0,0.0,0.0026150799236610554,0.9979965094917118,0.999999999999889,7.501586488318918e-09,0.0,0.9989843234388663,1.0,0.0,1.0,2020-10-15 12:31:52.535311,0:00:07.609110
584,0.0,0.9,0.0005,500000,0.001,0.0,0.0,0.0,7.015264187909185e-08,0.0001923655507559558,6.03183098561055e-08,0.999999999999889,2.559634545172691e-11,0.0,0.9989946647722783,0.0,0.0,0.0,2020-10-15 12:31:52.568242,0:00:07.856929
2253,0.0,0.9,0.0005,500000,0.001,0.0,1.0,0.0,0.0,0.002456601843084986,0.9999885046925707,0.999999999999889,8.954523241249601e-09,0.0,0.9966513023535724,1.0,0.0,1.0,2020-10-15 12:31:52.591476,0:00:07.626571
2253,0.0,0.9,0.0005,500000,0.001,0.0,1.0,0.0,0.0,0.002630821516471126,0.9994000625192812,0.999999999999889,7.79610428399011e-09,0.0,0.9973874790421287,1.0,0.0,1.0,2020-10-15 12:31:52.606323,0:00:07.734820
2253,0.0,0.9,0.0005,500000,0.001,0.0,1.0,0.0,0.0,0.0024615211944226463,0.9998920272909697,0.999999999999889,1.0218418280342159e-08,0.0,0.9991532373136406,1.0,0.0,1.0,2020-10-15 12:31:52.660539,0:00:07.608362
2253,0.0,0.9,0.0005,500000,0.001,0.0,1.0,0.0,0.0,0.0025658502598299004,0.9994315117569874,0.999999999999889,8.500676855365808e-09,0.0,0.9998846874368159,1.0,0.0,1.0,2020-10-15 12:31:52.690618,0:00:07.698475
2253,0.0,0.9,0.0005,500000,0.001,0.0,1.0,0.0,0.0,0.002328596326171314,0.9999449924370853,0.999999999999889,1.0372888807314436e-08,0.0,0.9984707659595993,1.0,0.0,1.0,2020-10-15 12:31:52.697043,0:00:07.620361
584,0.0,0.9,0.0005,500000,0.001,0.0,0.0,0.0,6.259246833715248e-08,0.00016614498900182297,6.790878030886514e-08,0.999999999999889,1.9883424390810682e-11,0.0,0.9995751314356409,0.0,0.0,0.0,2020-10-15 12:31:52.699382,0:00:08.168183
584,0.0,0.9,0.0005,500000,0.001,0.0,0.0,0.0,5.743325262402708e-08,0.00017659802240501746,7.210910675243731e-08,0.999999999999889,1.748519116849765e-11,0.0,0.9989103486190248,0.0,0.0,0.0,2020-10-15 12:31:52.743195,0:00:07.987209
2253,0.0,0.9,0.0005,500000,0.001,0.0,1.0,0.0,0.0,0.00244312426060658,0.9984982561181079,0.999999999999889,9.273561921911983e-09,0.0,0.9982953341710396,1.0,0.0,1.0,2020-10-15 12:31:52.744911,0:00:07.756041
2253,0.0,0.9,0.0005,500000,0.001,0.0,1.0,0.0,0.0,0.002637408447364355,0.99949948477363,0.999999999999889,9.560836040400417e-09,0.0,0.9973221123129493,1.0,0.0,1.0,2020-10-15 12:31:52.747935,0:00:07.866673
584,0.0,0.9,0.0005,500000,0.001,0.0,0.0,0.0,7.089331151063878e-08,0.00018630581112297654,7.47530000984668e-08,0.999999999999889,2.4347692503821146e-11,0.0,0.9957974534274263,0.0,0.0,0.0,2020-10-15 12:31:52.755446,0:00:08.031249
584,0.0,0.9,0.0005,500000,0.001,0.0,0.0,0.0,6.141414634908631e-08,0.0001709494608506912,6.869443657565675e-08,0.999999999999889,2.0560974087187678e-11,0.0,0.996953947931742,0.0,0.0,0.0,2020-10-15 12:31:52.787162,0:00:08.202982
584,0.0,0.9,0.0005,500000,0.001,0.0,0.0,0.0,6.077251186793613e-08,0.00017310028147781345,6.750244625649485e-08,0.999999999999889,2.0550693600144084e-11,0.0,0.9998400293444513,0.0,0.0,0.0,2020-10-15 12:31:52.860560,0:00:08.106950
584,0.0,0.9,0.0005,500000,0.001,0.0,0.0,0.0,6.315848532310008e-08,0.0001700966341658728,6.987252188930695e-08,0.999999999999889,2.0285197667381692e-11,0.0,0.9997969569542331,0.0,0.0,0.0,2020-10-15 12:31:52.867620,0:00:08.228135
2253,0.0,0.9,0.0005,500000,0.001,0.0,1.0,0.0,0.0,0.0026242510364460347,0.9995508983037944,0.999999999999889,7.854809613411265e-09,0.0,0.9952955469378273,1.0,0.0,1.0,2020-10-15 12:31:52.918509,0:00:07.613338
584,0.0,0.9,0.0005,500000,0.001,0.0,0.0,0.0,5.293702861424826e-08,0.00016656097524564813,6.53106806247341e-08,0.999999999999889,2.172380300024528e-11,0.0,0.9997253237132524,0.0,0.0,0.0,2020-10-15 12:31:52.987600,0:00:08.200563
2253,0.0,0.9,0.0005,500000,0.001,0.0,1.0,0.0,0.0,0.002454145855392362,0.9959566401706322,0.999999999999889,9.618387928780611e-09,0.0,0.997451572594175,1.0,0.0,1.0,2020-10-15 12:31:53.048218,0:00:07.526101
2253,0.0,0.9,0.0005,500000,0.001,0.0,1.0,0.0,0.0,0.0027574543440758515,0.9997496813030361,0.999999999999889,8.33647873965972e-09,0.0,0.9984498100371684,1.0,0.0,1.0,2020-10-15 12:31:53.171637,0:00:07.651946
2253,0.0,0.9,0.0005,500000,0.001,0.0,1.0,0.0,0.0,0.002424864821919379,0.9998869472566612,0.999999999999889,8.454039841816804e-09,0.0,0.9992953851290554,1.0,0.0,1.0,2020-10-15 12:31:53.214962,0:00:07.661178
2253,0.0,0.9,0.0005,500000,0.001,0.0,1.0,0.0,0.0,0.0024007310099690947,0.9992803140358016,0.999999999999889,9.418458404922948e-09,0.0,0.9998696070136146,1.0,0.0,1.0,2020-10-15 12:31:53.227945,0:00:07.746260
2253,0.0,0.9,0.0005,500000,0.001,0.0,1.0,0.0,0.0,0.0025556048017926687,0.9999699313248723,0.999999999999889,9.12176595945341e-09,0.0,0.9964900659282971,1.0,0.0,1.0,2020-10-15 12:31:53.374388,0:00:07.681557
2253,0.0,0.9,0.0005,500000,0.001,0.0,1.0,0.0,0.0,0.002381597016041226,0.999939727207352,0.999999999999889,8.56897216235427e-09,0.0,0.9988908722847024,1.0,0.0,1.0,2020-10-15 12:31:53.697699,0:00:07.966197
2253,0.0,0.9,0.0005,500000,0.001,0.0,1.0,0.0,0.0,0.002421229343032008,0.9979812544671025,0.999999999999889,9.287486186738387e-09,0.0,0.9997996454134118,1.0,0.0,1.0,2020-10-15 12:31:53.810314,0:00:07.937561
2253,0.0,0.9,0.0005,500000,0.001,0.0,1.0,0.0,0.0,0.0025428554900371763,0.9994992507334142,0.999999999999889,8.681124249524585e-09,0.0,0.9989902125330473,1.0,0.0,1.0,2020-10-15 12:31:53.816096,0:00:07.829695
2253,0.0,0.9,0.0005,500000,0.001,0.0,1.0,0.0,0.0,0.002885849451266647,0.9999779203952652,0.999999999999889,7.737837706858582e-09,0.0,0.9953884810659135,1.0,0.0,1.0,2020-10-15 12:31:53.857571,0:00:07.966214
2253,0.0,0.9,0.0005,500000,0.001,0.0,1.0,0.0,0.0,0.0025062410275799247,0.9999000248973329,0.999999999999889,7.807810144324966e-09,0.0,0.9999979481043418,1.0,0.0,1.0,2020-10-15 12:31:53.939951,0:00:07.826782
2253,0.0,0.9,0.0005,500000,0.001,0.0,1.0,0.0,0.0,0.002451692323073433,0.999939997360957,0.999999999999889,9.758905979455768e-09,0.0,0.9964687821774307,1.0,0.0,1.0,2020-10-15 12:31:54.215136,0:00:08.077859
2253,0.0,0.9,0.0005,500000,0.001,0.0,1.0,0.0,0.0,0.002674601206272923,0.999444472306582,0.999999999999889,8.005515850162433e-09,0.0,0.999083395654635,1.0,0.0,1.0,2020-10-15 12:31:54.283430,0:00:07.893359
2253,0.0,0.9,0.0005,500000,0.001,0.0,1.0,0.0,0.0,0.0027963399913570244,0.9999997502488722,0.999999999999889,1.0051156267026244e-08,0.0,0.9993440743364367,1.0,0.0,1.0,2020-10-15 12:31:54.434562,0:00:08.105735
2253,0.0,0.9,0.0005,500000,0.001,0.0,1.0,0.0,0.0,0.002339101254447188,0.9993740420782232,0.999999999999889,8.163195208426535e-09,0.0,0.9983356003166524,1.0,0.0,1.0,2020-10-15 12:31:54.448160,0:00:07.960379
2253,0.0,0.9,0.0005,500000,0.001,0.0,1.0,0.0,0.0,0.0027327424468741117,0.9994895012643351,0.999999999999889,9.085342684164845e-09,0.0,0.9998924732777502,1.0,0.0,1.0,2020-10-15 12:31:54.493126,0:00:08.282309
2253,0.0,0.9,0.0005,500000,0.001,0.0,1.0,0.0,0.0,0.002558162324576664,0.9999494987367942,0.999999999999889,1.0006016418773004e-08,0.0,0.9994991349401599,1.0,0.0,1.0,2020-10-15 12:31:54.563581,0:00:07.964368
2253,0.0,0.9,0.0005,500000,0.001,0.0,1.0,0.0,0.0,0.00253270185027659,0.99994950019895,0.999999999999889,8.959002742620911e-09,0.0,0.9999265603445562,1.0,0.0,1.0,2020-10-15 12:31:54.685498,0:00:07.861035
2253,0.0,0.9,0.0005,500000,0.001,0.0,1.0,0.0,0.0,0.0025074947749674083,0.9985007487620783,0.999999999999889,9.494127262717047e-09,0.0,0.9978359529134335,1.0,0.0,1.0,2020-10-15 12:31:54.716568,0:00:08.064247
2253,0.0,0.9,0.0005,500000,0.001,0.0,1.0,0.0,0.0,0.002630821516471126,0.9999434987644619,0.999999999999889,9.522659555207057e-09,0.0,0.9994876821525518,1.0,0.0,1.0,2020-10-15 12:31:54.924536,0:00:08.143981
2253,0.0,0.9,0.0005,500000,0.001,0.0,1.0,0.0,0.0,0.002378026406417227,0.9996953065827978,0.999999999999889,1.0336638108796368e-08,0.0,0.9998891945510887,1.0,0.0,1.0,2020-10-15 12:31:54.926420,0:00:08.099449
2253,0.0,0.9,0.0005,500000,0.001,0.0,1.0,0.0,0.0,0.002577425504814704,0.9994999999999941,0.999999999999889,9.10353610562313e-09,0.0,0.9978317443362027,1.0,0.0,1.0,2020-10-15 12:31:54.953877,0:00:08.217303
2253,0.0,0.9,0.0005,500000,0.001,0.0,1.0,0.0,0.0,0.0026493065107007783,0.99994793765962,0.999999999999889,9.901476902474165e-09,0.0,0.9924217151362251,1.0,0.0,1.0,2020-10-15 12:31:54.985178,0:00:08.085263
2253,0.0,0.9,0.0005,500000,0.001,0.0,1.0,0.0,0.0,0.0024701537751298016,0.9999929027634704,0.999999999999889,8.616243204165555e-09,0.0,0.9993890506479024,1.0,0.0,1.0,2020-10-15 12:31:55.301481,0:00:07.932376
2253,0.0,0.9,0.0005,500000,0.001,0.0,1.0,0.0,0.0,0.002446792614740078,0.9984896369178121,0.999999999999889,9.60396755947609e-09,0.0,0.9989697286603649,1.0,0.0,1.0,2020-10-15 12:31:55.310393,0:00:08.086442
2253,0.0,0.9,0.0005,500000,0.001,0.0,1.0,0.0,0.0,0.0026493065107007783,0.9989498744399424,0.999999999999889,8.55612512976874e-09,0.0,0.9999226769697391,1.0,0.0,1.0,2020-10-15 12:31:55.460651,0:00:08.411308
2253,0.0,0.9,0.0005,500000,0.001,0.0,1.0,0.0,0.0,0.0024689186982422367,0.9999984997510752,0.999999999999889,9.536957840441458e-09,0.0,0.9993434289575844,1.0,0.0,1.0,2020-10-15 12:31:56.038805,0:00:08.307417
2253,0.0,0.9,0.0005,500000,0.001,0.0,1.0,0.0,0.0,0.0024664503967736693,0.9979962996817303,0.999999999999889,9.647293656508114e-09,0.0,0.9989683110124877,1.0,0.0,1.0,2020-10-15 12:31:56.181510,0:00:08.094901
2253,0.0,0.9,0.0005,500000,0.001,0.0,1.0,0.0,0.0,0.0025062410275799247,0.9994275201808697,0.999999999999889,9.536957840441458e-09,0.0,0.9976020436913988,1.0,0.0,1.0,2020-10-15 12:31:56.203098,0:00:08.305548
2253,0.0,0.9,0.0005,500000,0.001,0.0,1.0,0.0,0.0,0.0024615211944226463,0.998989762992943,0.999999999999889,8.55612512976874e-09,0.0,0.9999290165220679,1.0,0.0,1.0,2020-10-15 12:31:57.140559,0:00:08.338494
2253,0.0,0.9,0.0005,500000,0.001,0.0,1.0,0.0,0.0,0.0025504974243186432,0.999999898476327,0.999999999999889,7.753332746228102e-09,0.0,0.996296101127921,1.0,0.0,1.0,2020-10-15 12:32:00.040542,0:00:07.518790
2253,0.0,0.9,0.0005,500000,0.001,0.0,1.0,0.0,0.0,0.0024091503988602765,0.9999994500243952,0.999999999999889,9.783339883039778e-09,0.0,0.997309967073939,1.0,0.0,1.0,2020-10-15 12:32:00.113403,0:00:07.602172
2253,0.0,0.9,0.0005,500000,0.001,0.0,1.0,0.0,0.0,0.0025594420455994638,0.9998500734386484,0.999999999999889,8.496426516938125e-09,0.0,0.9986361208144632,1.0,0.0,1.0,2020-10-15 12:32:00.147488,0:00:07.611520
2253,0.0,0.9,0.0005,500000,0.001,0.0,1.0,0.0,0.0,0.0026960892258226627,0.9980009900285025,0.999999999999889,8.36571485824227e-09,0.0,0.999998370669448,1.0,0.0,1.0,2020-10-15 12:32:00.164974,0:00:07.596338
2253,0.0,0.9,0.0005,500000,0.001,0.0,1.0,0.0,0.0,0.002406741850749016,0.9988055369962949,0.999999999999889,9.21807330941594e-09,0.0,0.9990001501192988,1.0,0.0,1.0,2020-10-15 12:32:00.240236,0:00:07.648491
2253,0.0,0.9,0.0005,500000,0.001,0.0,1.0,0.0,0.0,0.002439461406253475,0.9997950945424848,0.999999999999889,8.411864623856234e-09,0.0,0.9997302687613042,1.0,0.0,1.0,2020-10-15 12:32:00.299253,0:00:07.555392
2253,0.0,0.9,0.0005,500000,0.001,0.0,1.0,0.0,0.0,0.0024775772220730586,0.9999939385189844,0.999999999999889,8.432925866746959e-09,0.0,0.998405497633048,1.0,0.0,1.0,2020-10-15 12:32:00.334644,0:00:07.547091
2253,0.0,0.9,0.0005,500000,0.001,0.0,1.0,0.0,0.0,0.002512516039528507,0.9997996349377495,0.999999999999889,8.981433884972617e-09,0.0,0.999401195296393,1.0,0.0,1.0,2020-10-15 12:32:00.350497,0:00:07.650826
2253,0.0,0.9,0.0005,500000,0.001,0.0,1.0,0.0,0.0,0.002398330879141878,0.99847979801893,0.999999999999889,1.0126842329991176e-08,0.0,0.9974975107223886,1.0,0.0,1.0,2020-10-15 12:32:00.362682,0:00:07.701721
2253,0.0,0.9,0.0005,500000,0.001,0.0,1.0,0.0,0.0,0.002762976153299536,0.9999000199046644,0.999999999999889,9.296780643186413e-09,0.0,0.999346566673958,1.0,0.0,1.0,2020-10-15 12:32:00.433273,0:00:07.685097
2253,0.0,0.9,0.0005,500000,0.001,0.0,1.0,0.0,0.0,0.0025428554900371763,0.9994993948258742,0.999999999999889,8.590426763932541e-09,0.0,0.9959955335170723,1.0,0.0,1.0,2020-10-15 12:32:00.454815,0:00:07.698964
2253,0.0,0.9,0.0005,500000,0.001,0.0,1.0,0.0,0.0,0.002340271390142259,0.9994945024991281,0.999999999999889,8.825587461641244e-09,0.0,0.9979950022341373,1.0,0.0,1.0,2020-10-15 12:32:00.521967,0:00:07.915179
2253,0.0,0.9,0.0005,500000,0.001,0.0,1.0,0.0,0.0,0.0023181385756385463,0.9994399864477541,0.999999999999889,8.852110620209026e-09,0.0,0.9976920745323217,1.0,0.0,1.0,2020-10-15 12:32:00.537075,0:00:07.791484
2253,0.0,0.9,0.0005,500000,0.001,0.0,1.0,0.0,0.0,0.0025403132702610117,0.998999496039583,0.999999999999889,8.033591278412058e-09,0.0,0.9993914716919318,1.0,0.0,1.0,2020-10-15 12:32:00.597488,0:00:07.900144
2253,0.0,0.9,0.0005,500000,0.001,0.0,1.0,0.0,0.0,0.0023590733697664104,0.9998984747345048,0.999999999999889,9.719938599610136e-09,0.0,0.9999393486603211,1.0,0.0,1.0,2020-10-15 12:32:00.615277,0:00:07.922628
2253,0.0,0.9,0.0005,500000,0.001,0.0,1.0,0.0,0.0,0.002381597016041226,0.9999999999499998,0.999999999999889,9.734533099576493e-09,0.0,0.9989652387693314,1.0,0.0,1.0,2020-10-15 12:32:00.616350,0:00:07.755114
2253,0.0,0.9,0.0005,500000,0.001,0.0,1.0,0.0,0.0,0.002539043113625881,0.9999949887998428,0.999999999999889,9.971047849139055e-09,0.0,0.9999988393566868,1.0,0.0,1.0,2020-10-15 12:32:00.709403,0:00:07.494156
2253,0.0,0.9,0.0005,500000,0.001,0.0,1.0,0.0,0.0,0.002454145855392362,0.9998395777771911,0.999999999999889,8.963484484863344e-09,0.0,0.9964942827701553,1.0,0.0,1.0,2020-10-15 12:32:00.709725,0:00:07.790764
2253,0.0,0.9,0.0005,500000,0.001,0.0,1.0,0.0,0.0,0.002378026406417227,0.9999450975816665,0.999999999999889,9.788234000039797e-09,0.0,0.9999884844840878,1.0,0.0,1.0,2020-10-15 12:32:00.759340,0:00:07.891069
2253,0.0,0.9,0.0005,500000,0.001,0.0,1.0,0.0,0.0,0.002437022554712573,0.998349321131722,0.999999999999889,8.72901398234121e-09,0.0,0.9984542649015149,1.0,0.0,1.0,2020-10-15 12:32:00.793114,0:00:07.744430
2253,0.0,0.9,0.0005,500000,0.001,0.0,1.0,0.0,0.0,0.0025684180357611525,0.9997950587231857,0.999999999999889,8.228779153358441e-09,0.0,0.9994875937497697,1.0,0.0,1.0,2020-10-15 12:32:00.924132,0:00:07.752119
2253,0.0,0.9,0.0005,500000,0.001,0.0,1.0,0.0,0.0,0.0023614342136214785,0.9994998995656997,0.999999999999889,8.594724125995539e-09,0.0,0.9994873189197895,1.0,0.0,1.0,2020-10-15 12:32:01.011430,0:00:08.023292
2253,0.0,0.9,0.0005,500000,0.001,0.0,1.0,0.0,0.0,0.0023239426252493083,0.9999999493998708,0.999999999999889,8.521960462270114e-09,0.0,0.9964395209248949,1.0,0.0,1.0,2020-10-15 12:32:01.086337,0:00:07.711163
2253,0.0,0.9,0.0005,500000,0.001,0.0,1.0,0.0,0.0,0.0025658502598299004,0.9998983268503567,0.999999999999889,9.135462302452295e-09,0.0,0.9999350723153217,1.0,0.0,1.0,2020-10-15 12:32:01.146730,0:00:07.918299
2253,0.0,0.9,0.0005,500000,0.001,0.0,1.0,0.0,0.0,0.0025377735920690684,0.9998395932140529,0.999999999999889,9.329384550640421e-09,0.0,0.9989417096060427,1.0,0.0,1.0,2020-10-15 12:32:01.377529,0:00:07.678693
2253,0.0,0.9,0.0005,500000,0.001,0.0,1.0,0.0,0.0,0.0025903481429340102,0.9994998970817113,0.999999999999889,9.56561884982533e-09,0.0,0.9998891875412452,1.0,0.0,1.0,2020-10-15 12:32:01.562571,0:00:07.746088
2253,0.0,0.9,0.0005,500000,0.001,0.0,1.0,0.0,0.0,0.0022006472490556967,0.9999867108041779,0.999999999999889,8.599023637814447e-09,0.0,0.9994194853146257,1.0,0.0,1.0,2020-10-15 12:32:01.723448,0:00:07.865505
2253,0.0,0.9,0.0005,500000,0.001,0.0,1.0,0.0,0.0,0.002330926670109756,0.9998949236754425,0.999999999999889,9.494127262717047e-09,0.0,0.997647183123786,1.0,0.0,1.0,2020-10-15 12:32:01.749336,0:00:07.938243
2253,0.0,0.9,0.0005,500000,0.001,0.0,1.0,0.0,0.0,0.0024529187824646657,0.999492506876762,0.999999999999889,8.945570956639163e-09,0.0,0.9976540988365027,1.0,0.0,1.0,2020-10-15 12:32:02.239217,0:00:08.298757
2253,0.0,0.9,0.0005,500000,0.001,0.0,1.0,0.0,0.0,0.0024443464338234915,0.9999499949414108,0.999999999999889,8.51344063229796e-09,0.0,0.9973960875276943,1.0,0.0,1.0,2020-10-15 12:32:02.415327,0:00:08.122913
2253,0.0,0.9,0.0005,500000,0.001,0.0,1.0,0.0,0.0,0.002569702887204755,0.9999899525477923,0.999999999999889,8.972454696446116e-09,0.0,0.9959751139716301,1.0,0.0,1.0,2020-10-15 12:32:02.441702,0:00:07.948216
2253,0.0,0.9,0.0005,500000,0.001,0.0,1.0,0.0,0.0,0.0024887542434929156,0.9982961166911002,0.999999999999889,9.149179210527325e-09,0.0,0.9969333939714219,1.0,0.0,1.0,2020-10-15 12:32:02.518993,0:00:08.083288
2253,0.0,0.9,0.0005,500000,0.001,0.0,1.0,0.0,0.0,0.002339101254447188,0.9989902619899758,0.999999999999889,8.838839092255163e-09,0.0,0.9986976509699191,1.0,0.0,1.0,2020-10-15 12:32:02.640237,0:00:08.424219
2253,0.0,0.9,0.0005,500000,0.001,0.0,1.0,0.0,0.0,0.002654611753617523,0.9984408423324465,0.999999999999889,8.642137229436497e-09,0.0,0.9998844769772589,1.0,0.0,1.0,2020-10-15 12:32:02.674825,0:00:08.110901
2253,0.0,0.9,0.0005,500000,0.001,0.0,1.0,0.0,0.0,0.0024962335896240714,0.9999499843614627,0.999999999999889,9.080800012822763e-09,0.0,0.996474781299345,1.0,0.0,1.0,2020-10-15 12:32:02.723852,0:00:08.275367
2253,0.0,0.9,0.0005,500000,0.001,0.0,1.0,0.0,0.0,0.002533968834693937,0.9994493752859357,0.999999999999889,8.830002462872681e-09,0.0,0.9989955473037966,1.0,0.0,1.0,2020-10-15 12:32:02.731903,0:00:08.045996
2253,0.0,0.9,0.0005,500000,0.001,0.0,1.0,0.0,0.0,0.002301964237931251,0.999998450774867,0.999999999999889,7.294404355758748e-09,0.0,0.9998397861376774,1.0,0.0,1.0,2020-10-15 12:32:02.911433,0:00:08.194212
2253,0.0,0.9,0.0005,500000,0.001,0.0,1.0,0.0,0.0,0.0025062410275799247,0.9979950134886504,0.999999999999889,8.416072660186327e-09,0.0,0.9974723613878735,1.0,0.0,1.0,2020-10-15 12:32:02.934799,0:00:08.008549
2253,0.0,0.9,0.0005,500000,0.001,0.0,1.0,0.0,0.0,0.002373273919455138,0.9999993984185512,0.999999999999889,9.724801000110191e-09,0.0,0.9989937888627822,1.0,0.0,1.0,2020-10-15 12:32:02.991842,0:00:08.006409
2253,0.0,0.9,0.0005,500000,0.001,0.0,1.0,0.0,0.0,0.002644011870314655,0.9999499996501962,0.999999999999889,7.76885881445273e-09,0.0,0.9952922234275845,1.0,0.0,1.0,2020-10-15 12:32:03.151294,0:00:08.196767
2253,0.0,0.9,0.0005,500000,0.001,0.0,1.0,0.0,0.0,0.00263872781126999,0.9999489992478368,0.999999999999889,9.067185622268437e-09,0.0,0.9979815510541932,1.0,0.0,1.0,2020-10-15 12:32:03.201069,0:00:08.274299
2253,0.0,0.9,0.0005,500000,0.001,0.0,1.0,0.0,0.0,0.0024007310099690947,0.9998490767313822,0.999999999999889,1.0409266637413316e-08,0.0,0.9993206934981427,1.0,0.0,1.0,2020-10-15 12:32:03.457945,0:00:08.146684
2253,0.0,0.9,0.0005,500000,0.001,0.0,1.0,0.0,0.0,0.00253270185027659,0.998300950368793,0.999999999999889,8.799143773153606e-09,0.0,0.9913252214883139,1.0,0.0,1.0,2020-10-15 12:32:03.520413,0:00:08.218627
2253,0.0,0.9,0.0005,500000,0.001,0.0,1.0,0.0,0.0,0.0025684180357611525,0.998447277195172,0.999999999999889,8.077908872403662e-09,0.0,0.9994944439822847,1.0,0.0,1.0,2020-10-15 12:32:03.598914,0:00:08.137444
2253,0.0,0.9,0.0005,500000,0.001,0.0,1.0,0.0,0.0,0.002471389469864734,0.9998950264589327,0.999999999999889,8.13466684627576e-09,0.0,0.9934171073530309,1.0,0.0,1.0,2020-10-15 12:32:04.327259,0:00:08.145302
2253,0.0,0.9,0.0005,500000,0.001,0.0,1.0,0.0,0.0,0.0025137729259915027,0.9999400074433138,0.999999999999889,9.986019389957702e-09,0.0,0.9990934347716629,1.0,0.0,1.0,2020-10-15 12:32:04.343722,0:00:08.304098
2253,0.0,0.9,0.0005,500000,0.001,0.0,1.0,0.0,0.0,0.0026163881177199153,0.999339065550731,0.999999999999889,8.428709403813584e-09,0.0,0.9949991512226921,1.0,0.0,1.0,2020-10-15 12:32:04.580111,0:00:08.376360
2253,0.0,0.9,0.0005,500000,0.001,0.0,1.0,0.0,0.0,0.002339101254447188,0.9999984353491085,0.999999999999889,9.130894571301068e-09,0.0,0.9971638261748191,1.0,0.0,1.0,2020-10-15 12:32:05.312770,0:00:08.171611
2253,0.0,0.9,0.0005,500000,0.001,0.0,1.0,0.0,0.0,0.002535236452920397,0.9993431662636328,0.999999999999889,8.171364530115518e-09,0.0,0.9999837291602572,1.0,0.0,1.0,2020-10-15 12:32:07.711483,0:00:07.597651
2253,0.0,0.9,0.0005,500000,0.001,0.0,1.0,0.0,0.0,0.002587758442378112,0.9999450009318506,0.999999999999889,7.835192216585711e-09,0.0,0.9991844153815977,1.0,0.0,1.0,2020-10-15 12:32:07.758819,0:00:07.593473
2253,0.0,0.9,0.0005,500000,0.001,0.0,1.0,0.0,0.0,0.002517547359184453,0.9999448028445103,0.999999999999889,8.33647873965972e-09,0.0,0.9944341971323751,1.0,0.0,1.0,2020-10-15 12:32:07.826764,0:00:07.678859
2253,0.0,0.9,0.0005,500000,0.001,0.0,1.0,0.0,0.0,0.0027574543440758515,0.9993925844984991,0.999999999999889,9.951120705027651e-09,0.0,0.9973406741891748,1.0,0.0,1.0,2020-10-15 12:32:07.836410,0:00:07.595769
2253,0.0,0.9,0.0005,500000,0.001,0.0,1.0,0.0,0.0,0.002539043113625881,0.9985007296705717,0.999999999999889,8.526223574057143e-09,0.0,0.9997452070266822,1.0,0.0,1.0,2020-10-15 12:32:07.906723,0:00:07.571687
2253,0.0,0.9,0.0005,500000,0.001,0.0,1.0,0.0,0.0,0.0026150799236610554,0.9984408459726304,0.999999999999889,9.035498035665907e-09,0.0,0.9994994397140191,1.0,0.0,1.0,2020-10-15 12:32:07.979321,0:00:07.523517
2253,0.0,0.9,0.0005,500000,0.001,0.0,1.0,0.0,0.0,0.002517547359184453,0.9983310742429944,0.999999999999889,9.575191647675094e-09,0.0,0.9948759543606192,1.0,0.0,1.0,2020-10-15 12:32:07.998332,0:00:07.647625
2253,0.0,0.9,0.0005,500000,0.001,0.0,1.0,0.0,0.0,0.002569702887204755,0.999948990716447,0.999999999999889,8.001513092237351e-09,0.0,0.993768107261293,1.0,0.0,1.0,2020-10-15 12:32:08.008211,0:00:07.967258
2253,0.0,0.9,0.0005,500000,0.001,0.0,1.0,0.0,0.0,0.0025377735920690684,0.9999499430295065,0.999999999999889,9.222684651741811e-09,0.0,0.9989487964950895,1.0,0.0,1.0,2020-10-15 12:32:08.023860,0:00:07.723605
2253,0.0,0.9,0.0005,500000,0.001,0.0,1.0,0.0,0.0,0.002581295512434383,0.9979510498174409,0.999999999999889,9.181265478205242e-09,0.0,0.9987447513137625,1.0,0.0,1.0,2020-10-15 12:32:08.068238,0:00:07.705294
2253,0.0,0.9,0.0005,500000,0.001,0.0,1.0,0.0,0.0,0.00266258954419329,0.9999439936667174,0.999999999999889,7.726236752709345e-09,0.0,0.9994220273842497,1.0,0.0,1.0,2020-10-15 12:32:08.179513,0:00:07.745845
2253,0.0,0.9,0.0005,500000,0.001,0.0,1.0,0.0,0.0,0.0025607224068028654,0.9988004999651151,0.999999999999889,8.785951655751812e-09,0.0,0.9988105272988906,1.0,0.0,1.0,2020-10-15 12:32:08.287422,0:00:07.764933
3856,0.0,0.9,0.0005,500000,0.001,0.0,1.0,1.0,0.999900024999999,0.9994949475553349,0.008547089018418505,0.0005000050074875599,7.200912027648238e-20,1.0,4.827921403291e-106,5.554692516753369e-05,4.827921403291e-106,0.0,2020-10-15 12:32:09.230973,0:00:08.520756
3856,0.0,0.9,0.0005,500000,0.001,0.0,1.0,1.0,0.9994950024995005,0.999945082598073,0.008361060369088397,5.0049980504284625e-05,8.042462542846561e-20,1.0,4.3357263014667483e-106,5.5497499874879365e-06,4.3357263014667483e-106,0.0,2020-10-15 12:32:09.301534,0:00:08.507967
3856,0.0,0.9,0.0005,500000,0.001,0.0,1.0,1.0,0.9999499999939938,0.9984507250114584,0.007729665787669842,1.1096524202222e-07,9.177623872616368e-20,1.0,4.940278843545577e-106,5.504795475163367e-05,4.940278843545577e-106,0.0,2020-10-15 12:32:09.318010,0:00:08.720073
3856,0.0,0.9,0.0005,500000,0.001,0.0,1.0,1.0,0.99994994992512,0.9999999995,0.008005064299507886,5.000000999250126e-05,7.623396027060223e-20,1.0,4.418913676672052e-106,5.549700012999236e-10,4.418913676672052e-106,0.0,2020-10-15 12:32:09.355446,0:00:08.645229
3856,0.0,0.9,0.0005,500000,0.001,0.0,1.0,1.0,0.9999495002498746,0.9985001957369873,0.008183172246789754,6.009247591404408e-07,7.738637933323127e-20,1.0,4.739404036988265e-106,5.000504745051733e-08,4.739404036988265e-106,0.0,2020-10-15 12:32:09.373453,0:00:08.826551
3856,0.0,0.9,0.0005,500000,0.001,0.0,1.0,1.0,0.9999000249990002,0.999993935800974,0.00724310057181745,1.0503091052950912e-08,7.657787229855998e-20,1.0,4.763166354524415e-106,5.5497549275505234e-05,4.763166354524415e-106,0.0,2020-10-15 12:32:09.424540,0:00:08.806810
3856,0.0,0.9,0.0005,500000,0.001,0.0,1.0,1.0,0.9999999994450299,0.9984486760320805,0.007937292745906994,5.1009232641732944e-05,6.518751078494388e-20,1.0,4.775092153144265e-106,5.554742915075603e-05,4.775092153144265e-106,0.0,2020-10-15 12:32:09.443528,0:00:08.683117
3856,0.0,0.9,0.0005,500000,0.001,0.0,1.0,1.0,0.9999998500250624,0.999999993899926,0.008081493985417628,5.0500249500174896e-05,9.205204991075261e-20,1.0,4.987446979389525e-106,5.554742466254359e-06,4.987446979389525e-106,0.0,2020-10-15 12:32:09.550026,0:00:08.934017
3856,0.0,0.9,0.0005,500000,0.001,0.0,1.0,1.0,0.9998999700025961,0.9979964546268854,0.008236549499912843,2.4975511746626632e-06,8.308203917493597e-20,1.0,5.33047728996478e-106,5.500250049774701e-06,5.33047728996478e-106,0.0,2020-10-15 12:32:09.673648,0:00:08.661770
3856,0.0,0.9,0.0005,500000,0.001,0.0,1.0,1.0,0.9999999994995002,0.9994833588805374,0.008620067239089783,5.9992501754290274e-05,8.848599568754908e-20,1.0,4.456644002953734e-106,5.049980494251668e-07,4.456644002953734e-106,0.0,2020-10-15 12:32:09.709071,0:00:08.784620
3856,0.0,0.9,0.0005,500000,0.001,0.0,1.0,1.0,0.9999499935047436,0.9975004952834948,0.008331840516802169,0.0015541666659959997,9.471395073053585e-20,1.0,5.170312618368433e-106,5.000055474291501e-06,5.170312618368433e-106,0.0,2020-10-15 12:32:09.891032,0:00:08.743851
3856,0.0,0.9,0.0005,500000,0.001,0.0,1.0,1.0,0.9994500249999945,0.9988998739004836,0.008215978707243698,5.051472751249737e-06,9.288446673700928e-20,1.0,4.799033402955813e-106,5.000000049979987e-07,4.799033402955813e-106,0.0,2020-10-15 12:32:09.937441,0:00:08.850622
3856,0.0,0.9,0.0005,500000,0.001,0.0,1.0,1.0,0.999495002450045,0.999440027517479,0.008491699302857812,5.000000000154837e-06,8.066632209764086e-20,1.0,5.26424458133032e-106,5.499754995106109e-06,5.26424458133032e-106,0.0,2020-10-15 12:32:10.003670,0:00:08.625638
3856,0.0,0.9,0.0005,500000,0.001,0.0,1.0,1.0,0.9999993490474922,0.9999999948495513,0.008457791888136742,0.00010002994262100953,8.625757874410432e-20,1.0,4.825507442589355e-106,5.000005047460044e-07,4.825507442589355e-106,0.0,2020-10-15 12:32:10.289469,0:00:08.726431
3856,0.0,0.9,0.0005,500000,0.001,0.0,1.0,1.0,0.9998999151419468,0.9994334016109583,0.007760654133917212,5.549710044891851e-06,8.383334115502208e-20,1.0,4.7370343349697705e-106,5.000599724825193e-06,4.7370343349697705e-106,0.0,2020-10-15 12:32:10.595911,0:00:08.846123
3856,0.0,0.9,0.0005,500000,0.001,0.0,1.0,1.0,0.999949900023865,0.9999944992462071,0.007629805662840545,0.0005055519161677433,6.953178795022871e-20,1.0,4.659495338397484e-106,5.000054970505984e-06,4.659495338397484e-106,0.0,2020-10-15 12:32:10.598420,0:00:08.874392
3856,0.0,0.9,0.0005,500000,0.001,0.0,1.0,1.0,0.9999994499650625,0.9999893478064006,0.008348525048284908,5.049975000005049e-07,8.366580018081233e-20,1.0,4.652509589428954e-106,1.0002495006247979e-18,4.652509589428954e-106,0.0,2020-10-15 12:32:11.013958,0:00:08.773891
3856,0.0,0.9,0.0005,500000,0.001,0.0,1.0,1.0,0.9994999899575732,0.9999949999839176,0.007745144462750737,5.000000500249506e-06,8.471845122702272e-20,1.0,4.606204826164134e-106,5.0499760042896585e-05,4.606204826164134e-106,0.0,2020-10-15 12:32:11.050712,0:00:08.608568
3856,0.0,0.9,0.0005,500000,0.001,0.0,1.0,1.0,0.9999300249824657,0.997452424373626,0.007791766712910154,5.555246426968055e-06,7.812523869086249e-20,1.0,4.288282867695887e-106,5.4997500000500085e-05,4.288282867695887e-106,0.0,2020-10-15 12:32:11.153729,0:00:08.737948
3856,0.0,0.9,0.0005,500000,0.001,0.0,1.0,1.0,0.9999949999499694,0.9999499000744857,0.008174991120336027,6.499054909381828e-05,7.030105314992823e-20,1.0,5.465453135378881e-106,5.054970505989134e-06,5.465453135378881e-106,0.0,2020-10-15 12:32:11.482403,0:00:08.757950
3856,0.0,0.9,0.0005,500000,0.001,0.0,1.0,1.0,0.9990002000000121,0.9994499749990446,0.008236549499912843,5.0000056467013965e-14,7.464934760041873e-20,1.0,4.78465428712912e-106,5.049975000000543e-07,4.78465428712912e-106,0.0,2020-10-15 12:32:11.517032,0:00:08.841460
3856,0.0,0.9,0.0005,500000,0.001,0.0,1.0,1.0,0.9999495001496254,0.9994494754251602,0.008033138144164616,5.000999255122497e-05,9.395907392399773e-20,1.0,4.606204826164134e-106,1.0502596337392442e-09,4.606204826164134e-106,0.0,2020-10-15 12:32:11.559207,0:00:08.567028
3856,0.0,0.9,0.0005,500000,0.001,0.0,1.0,1.0,0.9999493499661064,0.9999999999899375,0.008319349003865873,5.000000000049961e-14,7.926659484437367e-20,1.0,4.732298484893385e-106,5.499799955559359e-07,4.732298484893385e-106,0.0,2020-10-15 12:32:11.583631,0:00:09.063340
3856,0.0,0.9,0.0005,500000,0.001,0.0,1.0,1.0,0.9990002449396079,0.9988947853708742,0.007725800954776007,0.0005000000000524701,9.316360843159415e-20,1.0,4.678175325197767e-106,5.550204807014175e-05,4.678175325197767e-106,0.0,2020-10-15 12:32:11.598590,0:00:08.957016
3856,0.0,0.9,0.0005,500000,0.001,0.0,1.0,1.0,0.9990002499945008,0.9992453284502865,0.008211870717890077,1.9985505994629347e-07,9.265248766525704e-20,1.0,4.56492470111007e-106,5.049975000000499e-05,4.56492470111007e-106,0.0,2020-10-15 12:32:11.735978,0:00:08.800861
3856,0.0,0.9,0.0005,500000,0.001,0.0,1.0,1.0,0.9999994450245072,0.9994290631203897,0.00781909252068826,0.0034962534082090876,7.464934760041873e-20,1.0,4.687543382992156e-106,5.000000049975497e-07,4.687543382992156e-106,0.0,2020-10-15 12:32:11.794192,0:00:09.061951
3856,0.0,0.9,0.0005,500000,0.001,0.0,1.0,1.0,0.9994500149625949,0.9999490007497746,0.008021094460797835,0.0009997500004995507,7.851694125828896e-20,1.0,4.0913485517127805e-106,5.999804811344326e-07,4.0913485517127805e-106,0.0,2020-10-15 12:32:11.813719,0:00:08.901710
3856,0.0,0.9,0.0005,500000,0.001,0.0,1.0,1.0,0.9999499895081985,0.9994999945024303,0.0083527013989844,5.005497998377118e-06,7.218941342672984e-20,1.0,4.594700823854472e-106,5.000505294156692e-05,4.594700823854472e-106,0.0,2020-10-15 12:32:12.043266,0:00:08.891184
3856,0.0,0.9,0.0005,500000,0.001,0.0,1.0,1.0,0.9998950299937076,0.9994844998325226,0.007993062705856216,0.0011001445836779377,7.657787229855998e-20,1.0,4.827921403291e-106,5.050029948503517e-05,4.827921403291e-106,0.0,2020-10-15 12:32:12.249349,0:00:08.791055
3856,0.0,0.9,0.0005,500000,0.001,0.0,1.0,1.0,0.999999994500245,0.9999999994998491,0.008298571419332131,2.0084795162786493e-09,6.890865437060274e-20,1.0,5.211851438571309e-106,0.0005000049985536436,5.211851438571309e-106,0.0,2020-10-15 12:32:12.264425,0:00:08.743679
3856,0.0,0.9,0.0005,500000,0.001,0.0,1.0,1.0,0.9984403338705093,0.9994938939549652,0.0083360085210627,0.0005049975599325238,8.05051104126006e-20,1.0,4.977479564107803e-106,5.000549759915044e-09,4.977479564107803e-106,0.0,2020-10-15 12:32:12.292477,0:00:09.090707
3856,0.0,0.9,0.0005,500000,0.001,0.0,1.0,1.0,0.9990002494995001,0.9999394982698568,0.00792143006238615,5.504750542634615e-07,9.504611355148881e-20,1.0,5.009946702595889e-106,5.499750499500121e-07,5.009946702595889e-106,0.0,2020-10-15 12:32:12.496529,0:00:08.870202
3856,0.0,0.9,0.0005,500000,0.001,0.0,1.0,1.0,0.9994498253447147,0.9980009491094792,0.007807369745249231,0.0005050474510706442,6.123704200834647e-20,1.0,4.992438169449432e-106,5.0055069876785855e-11,4.992438169449432e-106,0.0,2020-10-15 12:32:13.152891,0:00:08.808721
3856,0.0,0.9,0.0005,500000,0.001,0.0,1.0,1.0,0.9999939957473384,0.9984952583704385,0.008909348669590584,5.50025000486912e-06,5.574171336833801e-20,1.0,4.631615120048099e-106,5.000499799999982e-07,4.631615120048099e-106,0.0,2020-10-15 12:32:13.374277,0:00:09.046549
3856,0.0,0.9,0.0005,500000,0.001,0.0,1.0,1.0,0.9989952450111506,0.9999299246642975,0.008547089018418505,0.0005000049989977513,7.05828911279738e-20,1.0,5.017469143836971e-106,5.005047455005546e-06,5.017469143836971e-106,0.0,2020-10-15 12:32:13.417950,0:00:08.837136
3856,0.0,0.9,0.0005,500000,0.001,0.0,1.0,1.0,0.99999994999995,0.999990000502999,0.008109835869786362,0.0005050474619890188,7.769662249037191e-20,1.0,4.617737631669958e-106,5.000000050529913e-06,4.617737631669958e-106,0.0,2020-10-15 12:32:14.295668,0:00:08.982425
3856,0.0,0.9,0.0005,500000,0.001,0.0,1.0,1.0,0.999499989398505,0.9994499750484795,0.00781909252068826,5.000500749249491e-12,1.0193951890122026e-19,1.0,4.61081448794846e-106,5.5547922969380316e-08,4.61081448794846e-106,0.0,2020-10-15 12:32:16.171834,0:00:08.412575
3856,0.0,0.9,0.0005,500000,0.001,0.0,1.0,1.0,0.999994450299987,0.9998999491165563,0.0076872587494771945,0.0005000500748810473,9.136407067511634e-20,1.0,4.93040569380692e-106,5.0050974249550605e-05,4.93040569380692e-106,0.0,2020-10-15 12:32:16.213803,0:00:08.501864
3856,0.0,0.9,0.0005,500000,0.001,0.0,1.0,1.0,0.9999999999494503,0.9979960006741898,0.008311031734699258,5.005596925461036e-06,7.793012080959992e-20,1.0,5.651694501033685e-106,5.000000050574372e-06,5.651694501033685e-106,0.0,2020-10-15 12:32:16.331829,0:00:08.494996
3856,0.0,0.9,0.0005,500000,0.001,0.0,1.0,1.0,0.9995,0.9999449475574314,0.008319349003865873,5.5602510463172465e-06,7.684643170178489e-20,1.0,4.888664460851113e-106,5.000000000054962e-06,4.888664460851113e-106,0.0,2020-10-15 12:32:16.357442,0:00:08.377264
3856,0.0,0.9,0.0005,500000,0.001,0.0,1.0,1.0,0.9999948400727541,0.9999393476651615,0.00825717179679422,0.00011046150581399752,6.580989941145841e-20,1.0,4.903356153981274e-106,0.0001054697611467747,4.903356153981274e-106,0.0,2020-10-15 12:32:16.382949,0:00:08.475942
3856,0.0,0.9,0.0005,500000,0.001,0.0,1.0,1.0,0.9989997504499499,0.9992438957206824,0.008294422133622465,5.199760097499975e-12,9.604960776095109e-20,1.0,4.445513528986945e-106,5.050479493178665e-07,4.445513528986945e-106,0.0,2020-10-15 12:32:16.450184,0:00:08.622937
3856,0.0,0.9,0.0005,500000,0.001,0.0,1.0,1.0,0.9999999499500245,0.9994990007498744,0.008077453238424919,5.051478237269533e-07,7.974374372544268e-20,1.0,4.539880288911119e-106,5.549750486911864e-06,4.539880288911119e-106,0.0,2020-10-15 12:32:16.457757,0:00:08.447595
3856,0.0,0.9,0.0005,500000,0.001,0.0,1.0,1.0,0.9970037469974469,0.9998935278609116,0.008207764782531131,5.1508478021424035e-06,7.247882186948951e-20,1.0,5.093317585489299e-106,5.499800454358086e-06,5.093317585489299e-106,0.0,2020-10-15 12:32:16.475712,0:00:08.477060
3856,0.0,0.9,0.0005,500000,0.001,0.0,1.0,1.0,0.999994999945025,0.9999900024900124,0.008001061767358132,0.0005000050025449264,7.16140587566616e-20,1.0,5.004938008379969e-106,5.500254996672392e-05,5.004938008379969e-106,0.0,2020-10-15 12:32:16.636623,0:00:08.568070
3856,0.0,0.9,0.0005,500000,0.001,0.0,1.0,1.0,0.9999949499051793,0.9990001433901806,0.007905599080446251,5.501248300852415e-09,8.839753181336045e-20,1.0,4.932872129871856e-106,5.005501992678692e-08,4.932872129871856e-106,0.0,2020-10-15 12:32:16.782922,0:00:08.602961
3856,0.0,0.9,0.0005,500000,0.001,0.0,1.0,1.0,0.9999944981971213,0.9993990262024045,0.00815865339649505,1.5042925786994777e-05,8.103022970944558e-20,1.0,5.078056719945256e-106,5.000054970051222e-06,5.078056719945256e-106,0.0,2020-10-15 12:32:16.810336,0:00:08.522461
3856,0.0,0.9,0.0005,500000,0.001,0.0,1.0,1.0,0.9999999949990007,0.9994844960093825,0.007702652504357999,0.002497511242134029,9.349033418580577e-20,1.0,4.908263190105582e-106,5.00004997555003e-05,4.908263190105582e-106,0.0,2020-10-15 12:32:16.835888,0:00:08.802159
3856,0.0,0.9,0.0005,500000,0.001,0.0,1.0,1.0,0.9998490767362755,0.9994974531989154,0.008521479781587356,0.001549674168237546,7.676960448169103e-20,1.0,4.1928502866108603e-106,5.054970500500923e-06,4.1928502866108603e-106,0.0,2020-10-15 12:32:17.702160,0:00:08.400147
3856,0.0,0.9,0.0005,500000,0.001,0.0,1.0,1.0,0.9984458347751481,0.9993899912559354,0.00817908066066636,1.0047455554926173e-05,8.826500180273957e-20,1.0,4.567208305262701e-106,5.000550199317759e-11,4.567208305262701e-106,0.0,2020-10-15 12:32:17.729451,0:00:08.497962
3856,0.0,0.9,0.0005,500000,0.001,0.0,1.0,1.0,0.9999994999990002,0.9999989502909046,0.008671956126785119,5.515226264245289e-07,9.316360843159415e-20,1.0,4.2286503997018246e-106,5.005002500493302e-05,4.2286503997018246e-106,0.0,2020-10-15 12:32:17.739317,0:00:08.420877
3856,0.0,0.9,0.0005,500000,0.001,0.0,1.0,1.0,0.9999899525499371,0.9983954286806069,0.007580360434817605,1.0553425658103914e-07,9.552265362132903e-20,1.0,4.803836038034839e-106,5.000050025449318e-06,4.803836038034839e-106,0.0,2020-10-15 12:32:17.768503,0:00:08.412615
3856,0.0,0.9,0.0005,500000,0.001,0.0,1.0,1.0,0.9994440316972019,0.9998001000499313,0.007953187194491281,9.997549950012484e-08,6.832526785570246e-20,1.0,5.032547928143324e-106,5.00005003049148e-13,5.032547928143324e-106,0.0,2020-10-15 12:32:17.839296,0:00:08.465454
3856,0.0,0.9,0.0005,500000,0.001,0.0,1.0,1.0,0.9999999499450295,0.9997901724294664,0.008081493985417628,5.115493164224072e-06,8.115189670071811e-20,1.0,4.830336571576789e-106,5.055973240435509e-05,4.830336571576789e-106,0.0,2020-10-15 12:32:17.991537,0:00:08.566662
3856,0.0,0.9,0.0005,500000,0.001,0.0,1.0,1.0,0.9999949949974846,0.9984009197485282,0.008602840030402967,9.997500000059932e-05,1.1993144933558785e-19,1.0,5.02249037859297e-106,5.550249162954899e-07,5.02249037859297e-106,0.0,2020-10-15 12:32:18.030064,0:00:08.586147
3856,0.0,0.9,0.0005,500000,0.001,0.0,1.0,1.0,0.9989902624939431,0.9969787926190482,0.007497412780089753,0.0001054749396399579,7.204514284790633e-20,1.0,4.8618439247248215e-106,5.499750004995552e-07,4.8618439247248215e-106,0.0,2020-10-15 12:32:18.131443,0:00:08.421920
3856,0.0,0.9,0.0005,500000,0.001,0.0,1.0,1.0,0.9994999999999901,0.9994999499246254,0.008273706803978308,1.0502496617609749e-05,7.581572013531345e-20,1.0,4.997434354445289e-106,5.0604664932616175e-06,4.997434354445289e-106,0.0,2020-10-15 12:32:18.205087,0:00:08.654306
3856,0.0,0.9,0.0005,500000,0.001,0.0,1.0,1.0,0.9994999500244496,0.9989502388816844,0.007768420612424483,5.0010592025824974e-05,6.998533038262419e-20,1.0,4.915632953425459e-106,1.0502496617061461e-06,4.915632953425459e-106,0.0,2020-10-15 12:32:18.258674,0:00:08.319690
3856,0.0,0.9,0.0005,500000,0.001,0.0,1.0,1.0,0.9999499434273457,0.9999494452071005,0.00815865339649505,1.0047451015739222e-05,9.302393288000762e-20,1.0,4.633932086091144e-106,5.005047954302757e-06,4.633932086091144e-106,0.0,2020-10-15 12:32:18.280858,0:00:08.606721
3856,0.0,0.9,0.0005,500000,0.001,0.0,1.0,1.0,0.9984507749374312,0.9999899485530194,0.008525742652913813,5.5996275474868066e-05,8.412734556380436e-20,1.0,4.82309468886806e-106,5.504749999242519e-05,4.82309468886806e-106,0.0,2020-10-15 12:32:18.351333,0:00:08.459830
3856,0.0,0.9,0.0005,500000,0.001,0.0,1.0,1.0,0.9999000248995761,0.9994950024989453,0.008162734763876989,1.1500238812036438e-08,7.211724206065647e-20,1.0,4.678175325197767e-106,5.005003049194537e-09,4.678175325197767e-106,0.0,2020-10-15 12:32:18.483605,0:00:07.887015
3856,0.0,0.9,0.0005,500000,0.001,0.0,1.0,1.0,0.9989987023736253,0.9997985988858579,0.008029121575092535,5.010491756615434e-11,7.634842565731251e-20,1.0,4.935339799771743e-106,5.000050529415714e-06,4.935339799771743e-106,0.0,2020-10-15 12:32:18.492710,0:00:08.488593
3856,0.0,0.9,0.0005,500000,0.001,0.0,1.0,1.0,0.9999999989502895,0.9999499949974535,0.00817908066066636,1.5022423831271006e-06,7.843844394626599e-20,1.0,4.900904475904283e-106,5.00549705563902e-05,4.900904475904283e-106,0.0,2020-10-15 12:32:18.722783,0:00:08.432995
3856,0.0,0.9,0.0005,500000,0.001,0.0,1.0,1.0,0.9999994488596459,0.9984499722073777,0.007749018972236855,1.0996261524073039e-07,9.118147953419581e-20,1.0,4.606204826164134e-106,0.0005000050025499162,4.606204826164134e-106,0.0,2020-10-15 12:32:18.799595,0:00:07.784953
3856,0.0,0.9,0.0005,500000,0.001,0.0,1.0,1.0,0.9999994950015008,0.9990002499499351,0.007527470020541145,5.000054970066137e-05,9.476133139623397e-20,1.0,4.955125651161037e-106,5.5497005621492476e-05,4.955125651161037e-106,0.0,2020-10-15 12:32:19.149380,0:00:08.098224
3856,0.0,0.9,0.0005,500000,0.001,0.0,1.0,1.0,0.9994999994951451,0.9994500089101662,0.008142348323603337,9.99751055132896e-05,9.604960776095109e-20,1.0,4.6131210484726965e-106,5.4997505100362756e-06,4.6131210484726965e-106,0.0,2020-10-15 12:32:19.163850,0:00:08.564779
3856,0.0,0.9,0.0005,500000,0.001,0.0,1.0,1.0,0.9999499999999999,0.9994944016792059,0.007874031968013409,5.049975015476255e-12,8.438016985861457e-20,1.0,4.599298973002732e-106,5.549750436588151e-12,4.599298973002732e-106,0.0,2020-10-15 12:32:19.410260,0:00:07.826202
3856,0.0,0.9,0.0005,500000,0.001,0.0,1.0,1.0,0.9994950024899626,0.9994749323212727,0.00837780341339845,5.505803144845433e-07,8.320678696068762e-20,1.0,5.1009652082153365e-106,5.054975493303101e-06,5.1009652082153365e-106,0.0,2020-10-15 12:32:19.497519,0:00:07.888583
3856,0.0,0.9,0.0005,500000,0.001,0.0,1.0,1.0,0.99999999999995,0.99944992512395,0.008440888986819934,5.0549769932403765e-09,8.638709460649148e-20,1.0,4.952648088335457e-106,5.505249246619941e-06,4.952648088335457e-106,0.0,2020-10-15 12:32:19.527143,0:00:08.372953
3856,0.0,0.9,0.0005,500000,0.001,0.0,1.0,1.0,0.9999494003694109,0.9999997402269111,0.008340178610367885,0.0005005497998386247,8.56557341334833e-20,1.0,4.8911100158590425e-106,5.554742915575106e-05,4.8911100158590425e-106,0.0,2020-10-15 12:32:19.717071,0:00:07.220134
3856,0.0,0.9,0.0005,500000,0.001,0.0,1.0,1.0,0.999499500245,0.9994988994292562,0.00843245020805536,0.0005000000549705559,7.95843758137405e-20,1.0,4.606204826164134e-106,5.50074875054989e-05,4.606204826164134e-106,0.0,2020-10-15 12:32:19.787287,0:00:07.494363
3856,0.0,0.9,0.0005,500000,0.001,0.0,1.0,1.0,0.9999928972425856,0.9999895029848791,0.008781063356618848,1.0047450012609801e-06,9.386513833984222e-20,1.0,5.222288184118088e-106,5.005497504365883e-05,5.222288184118088e-106,0.0,2020-10-15 12:32:19.791501,0:00:08.308496
3856,0.0,0.9,0.0005,500000,0.001,0.0,1.0,1.0,0.9999999940006999,0.9999999880049709,0.007917469347354957,0.0010547424213124107,8.552731476337672e-20,1.0,4.75127034060152e-106,5.5497055040095366e-05,4.75127034060152e-106,0.0,2020-10-15 12:32:19.932291,0:00:07.682494
3856,0.0,0.9,0.0005,500000,0.001,0.0,1.0,1.0,0.99999900024995,0.9998989563485317,0.007652735189777582,0.00199850548996548,7.147093802443385e-20,1.0,4.2244228064647226e-106,5.0554797276472995e-05,4.2244228064647226e-106,0.0,2020-10-15 12:32:20.029244,0:00:08.469726
3856,0.0,0.9,0.0005,500000,0.001,0.0,1.0,1.0,0.9999895019915517,0.9989952044142089,0.008607143602204069,0.0005064953012294684,6.620604510093952e-20,1.0,5.103516966698685e-106,5.0499805002887035e-09,5.103516966698685e-106,0.0,2020-10-15 12:32:20.044117,0:00:08.307690
3856,0.0,0.9,0.0005,500000,0.001,0.0,1.0,1.0,0.9999499999000245,0.9999999474937782,0.00818726587972962,5.000000499750042e-08,6.402434468313606e-20,1.0,4.741774924450491e-106,5.000054970001254e-06,4.741774924450491e-106,0.0,2020-10-15 12:32:20.053232,0:00:06.899819
3856,0.0,0.9,0.0005,500000,0.001,0.0,1.0,1.0,0.9999994950019999,0.999999944987472,0.008658954695478043,1.005299189062654e-06,9.452466485264981e-20,1.0,4.70869015990447e-106,1.0551915723625005e-06,4.70869015990447e-106,0.0,2020-10-15 12:32:20.057791,0:00:08.540285
3856,0.0,0.9,0.0005,500000,0.001,0.0,1.0,1.0,0.9999449500562306,0.9994743845870747,0.007925392758765533,0.0009997999550549089,7.328069159013197e-20,1.0,4.81104900385525e-106,5.504749994303119e-07,4.81104900385525e-106,0.0,2020-10-15 12:32:20.061112,0:00:08.246725
3856,0.0,0.9,0.0005,500000,0.001,0.0,1.0,1.0,0.999999994999995,0.9998001498402077,0.00837780341339845,5.000499755154763e-09,6.541612407059207e-20,1.0,5.408351907156375e-106,5.00049975e-05,5.408351907156375e-106,0.0,2020-10-15 12:32:20.066345,0:00:06.647953
3856,0.0,0.9,0.0005,500000,0.001,0.0,1.0,1.0,0.9999999999890038,0.9999999499890092,0.00785043938005155,0.00010147878586951509,9.246732162233758e-20,1.0,4.454415680952257e-106,5.505244361871208e-07,4.454415680952257e-106,0.0,2020-10-15 12:32:20.112133,0:00:08.068425
3856,0.0,0.9,0.0005,500000,0.001,0.0,1.0,1.0,0.9989902066001041,0.9975024986949481,0.007648908822182693,0.0005099925511805268,7.684643170178489e-20,1.0,5.378680225069951e-106,5.050529415170585e-06,5.378680225069951e-106,0.0,2020-10-15 12:32:20.181178,0:00:08.386534
3856,0.0,0.9,0.0005,500000,0.001,0.0,1.0,1.0,0.9999994999945025,0.9940164625401083,0.008134208010866817,5.0000000649525595e-05,9.363071003953637e-20,1.0,4.438848592272923e-106,5.054975543187959e-05,4.438848592272923e-106,0.0,2020-10-15 12:32:20.438882,0:00:08.174065
3856,0.0,0.9,0.0005,500000,0.001,0.0,1.0,1.0,0.9994934882903873,0.9993401075392018,0.007721938054298619,5.005996250499933e-09,7.611966649613728e-20,1.0,4.835170533317474e-106,5.000004997500056e-05,4.835170533317474e-106,0.0,2020-10-15 12:32:20.722352,0:00:07.347596
3856,0.0,0.9,0.0005,500000,0.001,0.0,1.0,1.0,0.99949999995002,0.9978015408695078,0.0083527013989844,5.0999306087621914e-05,7.536207469129518e-20,1.0,5.040104305152836e-106,5.00000000054969e-10,5.040104305152836e-106,0.0,2020-10-15 12:32:20.934189,0:00:06.638050
3856,0.0,0.9,0.0005,500000,0.001,0.0,1.0,1.0,0.9999900024949995,0.9988499691422738,0.008407184458046254,0.0010497000823801099,7.619584329046692e-20,1.0,4.56492470111007e-106,5.000505249790729e-06,4.56492470111007e-106,0.0,2020-10-15 12:32:21.546372,0:00:05.332129
3856,0.0,0.9,0.0005,500000,0.001,0.0,1.0,1.0,0.9999999450025,0.9995493492356327,0.00812201279848975,5.605128756370429e-05,8.123310950194269e-20,1.0,4.410082475480043e-106,5.5052442566653234e-05,4.410082475480043e-106,0.0,2020-10-15 12:32:21.743869,0:00:05.293233
3856,0.0,0.9,0.0005,500000,0.001,0.0,1.0,1.0,0.999495001491272,0.9989952049688925,0.008976436824074391,0.00014992551674043232,1.0988105270985434e-19,1.0,4.537610348766664e-106,5.554742416379752e-11,4.537610348766664e-106,0.0,2020-10-15 12:32:21.849003,0:00:05.390792
3856,0.0,0.9,0.0005,500000,0.001,0.0,1.0,1.0,0.9999900005034875,0.9999949394885095,0.00797310002175951,0.0005004997500000011,7.934592092882225e-20,1.0,4.8642760627562e-106,5.549700566687856e-06,4.8642760627562e-106,0.0,2020-10-15 12:32:22.052851,0:00:05.720573
3856,0.0,0.9,0.0005,500000,0.001,0.0,1.0,1.0,0.9994999999994952,0.9994929990209142,0.008138277149441537,9.99750499500125e-07,7.676960448169103e-20,1.0,4.852127527210641e-106,5.00050524475566e-06,4.852127527210641e-106,0.0,2020-10-15 12:32:22.082310,0:00:05.236114
3856,0.0,0.9,0.0005,500000,0.001,0.0,1.0,1.0,0.9999949900074927,0.9998925360865867,0.008904893995255788,5.604764608076782e-12,7.902909211147902e-20,1.0,4.699279840265852e-106,5.000499800449261e-05,4.699279840265852e-106,0.0,2020-10-15 12:32:22.160886,0:00:05.350114
3856,0.0,0.9,0.0005,500000,0.001,0.0,1.0,1.0,0.9999999995,0.9994948425979676,0.008568488829979312,5.000506246989647e-09,6.894312593356953e-20,1.0,4.796633886254335e-106,5.049975499500631e-05,4.796633886254335e-106,0.0,2020-10-15 12:32:22.176364,0:00:06.004091
3856,0.0,0.9,0.0005,500000,0.001,0.0,1.0,1.0,0.9999940002506246,0.999993785761838,0.007671895759023215,5.000000000004995e-05,9.867894078437501e-20,1.0,4.405673495525182e-106,5.000000000000508e-06,4.405673495525182e-106,0.0,2020-10-15 12:32:22.206125,0:00:05.848250
3856,0.0,0.9,0.0005,500000,0.001,0.0,1.0,1.0,0.9999445029499001,0.9989992462096074,0.007866159904553388,0.0005010002987547839,7.147093802443385e-20,1.0,4.8642760627562e-106,5.000055469251611e-13,4.8642760627562e-106,0.0,2020-10-15 12:32:22.433775,0:00:06.050382
3856,0.0,0.9,0.0005,500000,0.001,0.0,1.0,1.0,0.9999999945002495,0.9999944497398573,0.008166818172963471,0.00025972320977825543,7.738637933323127e-20,1.0,4.830336571576789e-106,5.5502496666862285e-05,4.830336571576789e-106,0.0,2020-10-15 12:32:22.442441,0:00:05.966352
3856,0.0,0.9,0.0005,500000,0.001,0.0,1.0,1.0,0.9999994944031743,0.9994999000684431,0.008101728061375543,5.501751537348075e-09,7.302459357275458e-20,1.0,4.813455731721111e-106,5.5047450516790774e-05,4.813455731721111e-106,0.0,2020-10-15 12:32:22.592500,0:00:05.955408
3856,0.0,0.9,0.0005,500000,0.001,0.0,1.0,1.0,0.9999994950015012,0.999875024627431,0.009300906712172635,0.0005099934995011253,6.370494227407272e-20,1.0,5.272148851154432e-106,1.0097375100398057e-05,5.272148851154432e-106,0.0,2020-10-15 12:32:22.729358,0:00:05.945961
3856,0.0,0.9,0.0005,500000,0.001,0.0,1.0,1.0,0.9994994502994727,0.9993950660221268,0.00803715672252588,5.100474168435983e-06,8.304049815534849e-20,1.0,5.211851438571309e-106,5.0005497000624207e-11,5.211851438571309e-106,0.0,2020-10-15 12:32:22.937229,0:00:05.234611
3856,0.0,0.9,0.0005,500000,0.001,0.0,1.0,1.0,0.9994998950819838,0.9999999999980015,0.008491699302857812,5.4997500049999865e-08,8.131440357691873e-20,1.0,5.027516638352162e-106,5.0005047504928044e-05,5.027516638352162e-106,0.0,2020-10-15 12:32:22.961094,0:00:05.221454
3856,0.0,0.9,0.0005,500000,0.001,0.0,1.0,1.0,0.9999395081973781,0.9993501498003748,0.00792143006238615,6.049185140517274e-07,9.33968672242035e-20,1.0,4.727567369483113e-106,5.504745550400953e-05,4.727567369483113e-106,0.0,2020-10-15 12:32:23.185237,0:00:05.455110
3856,0.0,0.9,0.0005,500000,0.001,0.0,1.0,1.0,0.999944902624401,0.999944932540139,0.007830832897889274,9.998000548316541e-05,7.416557983791295e-20,1.0,4.957604453387732e-106,5.004997609902418e-05,4.957604453387732e-106,0.0,2020-10-15 12:32:23.230546,0:00:05.461605
